{
	"credit": "Made with Blockbench",
	"parent": "block/thin_block",
	"textures": {
		"1": "block/birch_door_side",
		"particle": "block/birch_trapdoor",
		"texture": "block/birch_trapdoor"
	},
	"elements": [
		{
			"from": [0, 0, 13],
			"to": [16, 3, 16],
			"rotation": {"angle": 0, "axis": "x", "origin": [8, 1.5, 14.5]},
			"faces": {
				"north": {"uv": [0, 0, 16, 3], "rotation": 180, "texture": "#texture"},
				"east": {"uv": [13, 13, 16, 16], "texture": "#1"},
				"south": {"uv": [0, 0, 16, 3], "rotation": 180, "texture": "#texture"},
				"west": {"uv": [13, 0, 16, 3], "rotation": 180, "texture": "#1"},
				"up": {"uv": [10, 0, 13, 16], "rotation": 270, "texture": "#1"},
				"down": {"uv": [13, 0, 16, 16], "rotation": 90, "texture": "#1"}
			}
		},
		{
			"from": [0, 13, 13],
			"to": [16, 16, 16],
			"rotation": {"angle": 0, "axis": "x", "origin": [8, 1.5, 14.5]},
			"faces": {
				"north": {"uv": [0, 13, 16, 16], "rotation": 180, "texture": "#texture"},
				"east": {"uv": [13, 0, 16, 3], "texture": "#1"},
				"south": {"uv": [0, 13, 16, 16], "rotation": 180, "texture": "#texture"},
				"west": {"uv": [13, 13, 16, 16], "rotation": 180, "texture": "#1"},
				"up": {"uv": [13, 0, 16, 16], "rotation": 270, "texture": "#1"},
				"down": {"uv": [0, 6, 16, 9], "texture": "#1"}
			}
		},
		{
			"from": [6, 14, 12.5],
			"to": [10, 15, 16.5],
			"rotation": {"angle": 0, "axis": "x", "origin": [8, 1.5, 14.5]},
			"faces": {
				"north": {"uv": [6, 14, 10, 15], "texture": "#texture"},
				"east": {"uv": [6, 14, 7, 15], "texture": "#texture"},
				"south": {"uv": [6, 14, 10, 15], "rotation": 180, "texture": "#texture"},
				"west": {"uv": [9, 14, 10, 15], "rotation": 180, "texture": "#texture"},
				"up": {"uv": [6, 14, 10, 15], "rotation": 180, "texture": "#texture"},
				"down": {"uv": [6, 14, 10, 15], "rotation": 180, "texture": "#texture"}
			}
		},
		{
			"from": [5, 12, 13],
			"to": [11, 13, 16],
			"rotation": {"angle": 0, "axis": "x", "origin": [8, 1.5, 14.5]},
			"faces": {
				"north": {"uv": [5, 12, 11, 13], "rotation": 180, "texture": "#texture"},
				"east": {"uv": [6, 6, 9, 7], "texture": "#1"},
				"south": {"uv": [5, 12, 11, 13], "rotation": 180, "texture": "#texture"},
				"west": {"uv": [2, 7, 5, 8], "rotation": 180, "texture": "#1"},
				"down": {"uv": [0, 6, 6, 9], "texture": "#1"}
			}
		},
		{
			"from": [13, 3, 13],
			"to": [16, 13, 16],
			"rotation": {"angle": 0, "axis": "x", "origin": [8, 1.5, 14.5]},
			"faces": {
				"north": {"uv": [0, 3, 3, 13], "texture": "#texture"},
				"east": {"uv": [13, 3, 16, 13], "texture": "#1"},
				"south": {"uv": [0, 3, 3, 13], "rotation": 180, "texture": "#texture"},
				"west": {"uv": [0, 6, 10, 9], "rotation": 90, "texture": "#1"}
			}
		},
		{
			"from": [0, 3, 13],
			"to": [3, 13, 16],
			"rotation": {"angle": 0, "axis": "x", "origin": [8, 1.5, 14.5]},
			"faces": {
				"north": {"uv": [13, 3, 16, 13], "rotation": 180, "texture": "#texture"},
				"east": {"uv": [0, 6, 10, 9], "rotation": 270, "texture": "#1"},
				"south": {"uv": [13, 3, 16, 13], "rotation": 180, "texture": "#texture"},
				"west": {"uv": [13, 3, 16, 13], "rotation": 180, "texture": "#1"}
			}
		},
		{
			"from": [3, 3, 14],
			"to": [13, 13, 15],
			"rotation": {"angle": 0, "axis": "x", "origin": [8, 1.5, 14.5]},
			"faces": {
				"north": {"uv": [3, 3, 13, 13], "rotation": 180, "texture": "#texture"},
				"south": {"uv": [3, 3, 13, 13], "rotation": 180, "texture": "#texture"}
			}
		}
	]
}