{
	"credit": "Made with Blockbench",
	"parent": "block/thin_block",
	"textures": {
		"1": "block/jungle_door_side",
		"particle": "block/jungle_trapdoor",
		"texture": "block/jungle_trapdoor"
	},
	"elements": [
		{
			"from": [0, 0, 13],
			"to": [16, 3, 16],
			"rotation": {"angle": 0, "axis": "x", "origin": [8, 14.5, 14.5]},
			"faces": {
				"north": {"uv": [0, 0, 16, 3], "rotation": 180, "texture": "#texture"},
				"east": {"uv": [13, 13, 16, 16], "texture": "#1"},
				"south": {"uv": [0, 0, 16, 3], "rotation": 180, "texture": "#texture"},
				"west": {"uv": [13, 0, 16, 3], "rotation": 180, "texture": "#1"},
				"up": {"uv": [10, 0, 13, 16], "rotation": 270, "texture": "#1"},
				"down": {"uv": [13, 0, 16, 16], "rotation": 90, "texture": "#1"}
			}
		},
		{
			"from": [0, 12, 13],
			"to": [16, 16, 16],
			"rotation": {"angle": 0, "axis": "x", "origin": [8, 14.5, 14.5]},
			"faces": {
				"north": {"uv": [0, 12, 16, 16], "rotation": 180, "texture": "#texture"},
				"east": {"uv": [13, 0, 16, 4], "texture": "#1"},
				"south": {"uv": [0, 12, 16, 16], "rotation": 180, "texture": "#texture"},
				"west": {"uv": [13, 12, 16, 16], "rotation": 180, "texture": "#1"},
				"up": {"uv": [13, 0, 16, 16], "rotation": 270, "texture": "#1"},
				"down": {"uv": [0, 1, 16, 4], "texture": "#1"}
			}
		},
		{
			"from": [5, 14, 12.5],
			"to": [11, 15, 16.5],
			"rotation": {"angle": 0, "axis": "x", "origin": [8, 14.5, 14.5]},
			"faces": {
				"north": {"uv": [5, 14, 11, 15], "texture": "#texture"},
				"east": {"uv": [5, 14, 6, 15], "texture": "#texture"},
				"south": {"uv": [5, 14, 11, 15], "rotation": 180, "texture": "#texture"},
				"west": {"uv": [5, 14, 6, 15], "rotation": 180, "texture": "#texture"},
				"up": {"uv": [5, 14, 11, 15], "rotation": 180, "texture": "#texture"},
				"down": {"uv": [5, 14, 11, 15], "rotation": 180, "texture": "#texture"}
			}
		},
		{
			"from": [3, 7, 13],
			"to": [13, 9, 16],
			"rotation": {"angle": 0, "axis": "x", "origin": [8, 14.5, 14.5]},
			"faces": {
				"north": {"uv": [3, 7, 13, 9], "rotation": 180, "texture": "#texture"},
				"south": {"uv": [3, 7, 13, 9], "rotation": 180, "texture": "#texture"},
				"up": {"uv": [10, 4, 13, 14], "rotation": 270, "texture": "#1"},
				"down": {"uv": [3, 6, 13, 9], "texture": "#1"}
			}
		},
		{
			"from": [9, 3, 13],
			"to": [10, 12, 16],
			"rotation": {"angle": 0, "axis": "x", "origin": [8, 14.5, 14.5]},
			"faces": {
				"north": {"uv": [9, 3, 10, 12], "rotation": 180, "texture": "#texture"},
				"east": {"uv": [9, 4, 12, 13], "texture": "#1"},
				"south": {"uv": [6, 3, 7, 12], "rotation": 180, "texture": "#texture"},
				"west": {"uv": [9, 4, 12, 13], "rotation": 180, "texture": "#1"}
			}
		},
		{
			"from": [12, 9, 13],
			"to": [13, 12, 16],
			"rotation": {"angle": 0, "axis": "x", "origin": [8, 14.5, 14.5]},
			"faces": {
				"north": {"uv": [12, 9, 13, 12], "rotation": 180, "texture": "#texture"},
				"south": {"uv": [3, 9, 4, 12], "rotation": 180, "texture": "#texture"},
				"west": {"uv": [9, 7, 12, 10], "rotation": 180, "texture": "#1"}
			}
		},
		{
			"from": [12, 3, 13],
			"to": [13, 5, 16],
			"rotation": {"angle": 0, "axis": "x", "origin": [8, 14.5, 14.5]},
			"faces": {
				"north": {"uv": [12, 3, 13, 5], "rotation": 180, "texture": "#texture"},
				"south": {"uv": [3, 3, 4, 5], "rotation": 180, "texture": "#texture"},
				"west": {"uv": [9, 7, 12, 9], "rotation": 180, "texture": "#1"},
				"up": {"uv": [5, 5, 8, 6], "rotation": 270, "texture": "#1"}
			}
		},
		{
			"from": [11, 3, 13],
			"to": [12, 4, 16],
			"rotation": {"angle": 0, "axis": "x", "origin": [8, 14.5, 14.5]},
			"faces": {
				"north": {"uv": [11, 3, 12, 4], "rotation": 180, "texture": "#texture"},
				"south": {"uv": [4, 3, 5, 4], "rotation": 180, "texture": "#texture"},
				"west": {"uv": [7, 11, 10, 12], "rotation": 180, "texture": "#1"},
				"up": {"uv": [6, 5, 9, 6], "rotation": 270, "texture": "#1"}
			}
		},
		{
			"from": [3, 3, 13],
			"to": [4, 5, 16],
			"rotation": {"angle": 0, "axis": "x", "origin": [8, 14.5, 14.5]},
			"faces": {
				"north": {"uv": [3, 3, 4, 5], "rotation": 180, "texture": "#texture"},
				"east": {"uv": [6, 7, 9, 9], "texture": "#1"},
				"south": {"uv": [12, 3, 13, 5], "rotation": 180, "texture": "#texture"},
				"up": {"uv": [5, 5, 8, 6], "rotation": 270, "texture": "#1"}
			}
		},
		{
			"from": [4, 3, 13],
			"to": [5, 4, 16],
			"rotation": {"angle": 0, "axis": "x", "origin": [8, 14.5, 14.5]},
			"faces": {
				"north": {"uv": [4, 3, 5, 4], "rotation": 180, "texture": "#texture"},
				"east": {"uv": [4, 13, 7, 14], "texture": "#1"},
				"south": {"uv": [11, 3, 12, 4], "rotation": 180, "texture": "#texture"},
				"up": {"uv": [3, 7, 6, 8], "rotation": 270, "texture": "#1"}
			}
		},
		{
			"from": [3, 9, 13],
			"to": [4, 12, 16],
			"rotation": {"angle": 0, "axis": "x", "origin": [8, 14.5, 14.5]},
			"faces": {
				"north": {"uv": [3, 9, 4, 12], "rotation": 180, "texture": "#texture"},
				"east": {"uv": [6, 5, 9, 8], "texture": "#1"},
				"south": {"uv": [3, 9, 4, 12], "rotation": 180, "texture": "#texture"}
			}
		},
		{
			"from": [11, 11, 13],
			"to": [12, 12, 16],
			"rotation": {"angle": 0, "axis": "x", "origin": [8, 14.5, 14.5]},
			"faces": {
				"north": {"uv": [11, 11, 12, 12], "rotation": 180, "texture": "#texture"},
				"south": {"uv": [4, 11, 5, 12], "rotation": 180, "texture": "#texture"},
				"west": {"uv": [9, 7, 12, 8], "rotation": 180, "texture": "#1"},
				"down": {"uv": [9, 7, 10, 10], "texture": "#1"}
			}
		},
		{
			"from": [4, 11, 13],
			"to": [5, 12, 16],
			"rotation": {"angle": 0, "axis": "x", "origin": [8, 14.5, 14.5]},
			"faces": {
				"north": {"uv": [4, 11, 5, 12], "rotation": 180, "texture": "#texture"},
				"east": {"uv": [5, 6, 8, 7], "texture": "#1"},
				"south": {"uv": [4, 11, 5, 12], "rotation": 180, "texture": "#texture"},
				"down": {"uv": [9, 7, 10, 10], "texture": "#1"}
			}
		},
		{
			"from": [6, 3, 13],
			"to": [7, 12, 16],
			"rotation": {"angle": 0, "axis": "x", "origin": [8, 14.5, 14.5]},
			"faces": {
				"north": {"uv": [6, 3, 7, 12], "rotation": 180, "texture": "#texture"},
				"east": {"uv": [9, 4, 12, 13], "texture": "#1"},
				"south": {"uv": [9, 3, 10, 12], "rotation": 180, "texture": "#texture"},
				"west": {"uv": [9, 4, 12, 13], "rotation": 180, "texture": "#1"}
			}
		},
		{
			"from": [13, 3, 13],
			"to": [16, 12, 16],
			"rotation": {"angle": 0, "axis": "x", "origin": [8, 14.5, 14.5]},
			"faces": {
				"north": {"uv": [13, 3, 16, 12], "rotation": 180, "texture": "#texture"},
				"east": {"uv": [13, 4, 16, 13], "texture": "#1"},
				"south": {"uv": [0, 3, 3, 12], "rotation": 180, "texture": "#texture"},
				"west": {"uv": [0, 6, 9, 9], "rotation": 90, "texture": "#1"}
			}
		},
		{
			"from": [0, 3, 13],
			"to": [3, 12, 16],
			"rotation": {"angle": 0, "axis": "x", "origin": [8, 14.5, 14.5]},
			"faces": {
				"north": {"uv": [0, 3, 3, 12], "rotation": 180, "texture": "#texture"},
				"east": {"uv": [0, 6, 9, 9], "rotation": 270, "texture": "#1"},
				"south": {"uv": [13, 3, 16, 12], "rotation": 180, "texture": "#texture"},
				"west": {"uv": [13, 4, 16, 13], "rotation": 180, "texture": "#1"}
			}
		}
	]
}