{
	"credit": "Made with Blockbench",
	"ambientocclusion": false,
	"textures": {
		"2": "block/attached_pumpkin_stem_reverse",
		"particle": "block/pumpkin_stem",
		"stem": "block/pumpkin_stem",
		"upperstem": "block/attached_pumpkin_stem"
	},
	"elements": [
		{
			"from": [7, 0, 7.5],
			"to": [9, 6, 8.5],
			"faces": {
				"north": {"uv": [0, 10, 2, 16], "texture": "#2", "tintindex": 0},
				"east": {"uv": [8, 10, 9, 16], "texture": "#upperstem", "tintindex": 0},
				"south": {"uv": [7, 10, 9, 16], "texture": "#upperstem", "tintindex": 0},
				"west": {"uv": [7, 10, 8, 16], "texture": "#upperstem", "tintindex": 0},
				"up": {"uv": [7, 10, 9, 11], "texture": "#upperstem", "tintindex": 0},
				"down": {"uv": [0, 0, 2, 1], "texture": "#upperstem", "tintindex": 0}
			}
		},
		{
			"from": [4, 6, 7.5],
			"to": [8, 8, 8.5],
			"faces": {
				"north": {"uv": [1, 8, 5, 10], "texture": "#2", "tintindex": 0},
				"east": {"uv": [7, 8, 8, 10], "texture": "#upperstem", "tintindex": 0},
				"south": {"uv": [4, 8, 8, 10], "texture": "#upperstem", "tintindex": 0},
				"west": {"uv": [0, 6, 1, 8], "texture": "#upperstem", "tintindex": 0},
				"up": {"uv": [4, 8, 8, 9], "texture": "#upperstem", "tintindex": 0},
				"down": {"uv": [4, 9, 8, 10], "texture": "#upperstem", "tintindex": 0}
			}
		},
		{
			"from": [8, 7, 7.5],
			"to": [9, 9, 8.5],
			"faces": {
				"north": {"uv": [0, 7, 1, 9], "texture": "#2", "tintindex": 0},
				"east": {"uv": [8, 7, 9, 9], "texture": "#upperstem", "tintindex": 0},
				"south": {"uv": [8, 7, 9, 9], "texture": "#upperstem", "tintindex": 0},
				"west": {"uv": [8, 7, 9, 9], "texture": "#upperstem", "tintindex": 0},
				"up": {"uv": [8, 7, 9, 8], "texture": "#upperstem", "tintindex": 0},
				"down": {"uv": [8, 8, 9, 9], "texture": "#upperstem", "tintindex": 0}
			}
		},
		{
			"from": [6, 5, 7.5],
			"to": [7, 6, 8.5],
			"faces": {
				"north": {"uv": [2, 10, 3, 11], "texture": "#2", "tintindex": 0},
				"south": {"uv": [6, 10, 7, 11], "texture": "#upperstem", "tintindex": 0},
				"west": {"uv": [6, 10, 7, 11], "texture": "#upperstem", "tintindex": 0},
				"down": {"uv": [6, 10, 7, 11], "texture": "#upperstem", "tintindex": 0}
			}
		},
		{
			"from": [3, 5, 7.5],
			"to": [5, 6, 8.5],
			"faces": {
				"north": {"uv": [4, 10, 6, 11], "texture": "#2", "tintindex": 0},
				"east": {"uv": [4, 10, 5, 11], "texture": "#upperstem", "tintindex": 0},
				"south": {"uv": [3, 10, 5, 11], "texture": "#upperstem", "tintindex": 0},
				"west": {"uv": [3, 10, 4, 11], "texture": "#upperstem", "tintindex": 0},
				"up": {"uv": [3, 10, 5, 11], "texture": "#upperstem", "tintindex": 0},
				"down": {"uv": [3, 10, 5, 11], "texture": "#upperstem", "tintindex": 0}
			}
		},
		{
			"from": [3, 8, 7.5],
			"to": [5, 9, 8.5],
			"faces": {
				"north": {"uv": [4, 7, 6, 8], "texture": "#2", "tintindex": 0},
				"east": {"uv": [4, 7, 5, 8], "texture": "#upperstem", "tintindex": 0},
				"south": {"uv": [3, 7, 5, 8], "texture": "#upperstem", "tintindex": 0},
				"up": {"uv": [3, 7, 5, 8], "texture": "#upperstem", "tintindex": 0},
				"down": {"uv": [3, 7, 5, 8], "texture": "#upperstem", "tintindex": 0}
			}
		},
		{
			"from": [0, 8, 7.5],
			"to": [3, 10, 8.5],
			"faces": {
				"north": {"uv": [6, 6, 9, 8], "texture": "#2", "tintindex": 0},
				"east": {"uv": [2, 6, 3, 8], "texture": "#upperstem", "tintindex": 0},
				"south": {"uv": [0, 6, 3, 8], "texture": "#upperstem", "tintindex": 0},
				"west": {"uv": [0, 6, 1, 8], "texture": "#upperstem", "tintindex": 0},
				"up": {"uv": [0, 6, 3, 7], "texture": "#upperstem", "tintindex": 0},
				"down": {"uv": [0, 7, 3, 8], "texture": "#upperstem", "tintindex": 0}
			}
		},
		{
			"from": [7.25, -1, 7.5],
			"to": [11.25, 0, 8.5],
			"rotation": {"angle": -45, "axis": "y", "origin": [8, 8, 8]},
			"faces": {
				"north": {"uv": [5, 7, 9, 8], "texture": "#stem", "tintindex": 0},
				"east": {"uv": [5, 7, 6, 8], "texture": "#stem", "tintindex": 0},
				"south": {"uv": [5, 7, 9, 8], "texture": "#stem", "tintindex": 0},
				"west": {"uv": [8, 7, 9, 8], "texture": "#stem", "tintindex": 0},
				"up": {"uv": [5, 7, 9, 8], "rotation": 180, "texture": "#stem", "tintindex": 0},
				"down": {"uv": [0, 0, 4, 1], "rotation": 180, "texture": "#stem", "tintindex": 0}
			}
		},
		{
			"from": [10.25, 0, 7.5],
			"to": [11.25, 1, 8.5],
			"rotation": {"angle": -45, "axis": "y", "origin": [8, 8, 8]},
			"faces": {
				"north": {"uv": [5, 6, 6, 7], "texture": "#stem", "tintindex": 0},
				"east": {"uv": [5, 6, 6, 7], "texture": "#stem", "tintindex": 0},
				"south": {"uv": [5, 6, 6, 7], "texture": "#stem", "tintindex": 0},
				"west": {"uv": [5, 6, 6, 7], "texture": "#stem", "tintindex": 0},
				"up": {"uv": [5, 6, 6, 7], "rotation": 180, "texture": "#stem", "tintindex": 0}
			}
		},
		{
			"from": [8.25, 0, 7.5],
			"to": [9.25, 5, 8.5],
			"rotation": {"angle": -45, "axis": "y", "origin": [8, 8, 8]},
			"faces": {
				"north": {"uv": [7, 2, 8, 7], "texture": "#stem", "tintindex": 0},
				"east": {"uv": [7, 2, 8, 7], "texture": "#stem", "tintindex": 0},
				"south": {"uv": [7, 2, 8, 7], "texture": "#stem", "tintindex": 0},
				"west": {"uv": [7, 2, 8, 7], "texture": "#stem", "tintindex": 0},
				"up": {"uv": [7, 2, 8, 3], "rotation": 180, "texture": "#stem", "tintindex": 0}
			}
		},
		{
			"from": [7.25, 0, 7.5],
			"to": [8.25, 2, 8.5],
			"rotation": {"angle": -45, "axis": "y", "origin": [8, 8, 8]},
			"faces": {
				"north": {"uv": [8, 5, 9, 7], "texture": "#stem", "tintindex": 0},
				"south": {"uv": [8, 5, 9, 7], "texture": "#stem", "tintindex": 0},
				"west": {"uv": [8, 5, 9, 7], "texture": "#stem", "tintindex": 0},
				"up": {"uv": [8, 5, 9, 6], "rotation": 180, "texture": "#stem", "tintindex": 0}
			}
		},
		{
			"from": [9.25, 3, 7.5],
			"to": [10.25, 6, 8.5],
			"rotation": {"angle": -45, "axis": "y", "origin": [8, 8, 8]},
			"faces": {
				"north": {"uv": [6, 1, 7, 4], "texture": "#stem", "tintindex": 0},
				"east": {"uv": [6, 1, 7, 4], "texture": "#stem", "tintindex": 0},
				"south": {"uv": [6, 1, 7, 4], "texture": "#stem", "tintindex": 0},
				"west": {"uv": [6, 1, 7, 4], "texture": "#stem", "tintindex": 0},
				"up": {"uv": [6, 1, 7, 2], "rotation": 180, "texture": "#stem", "tintindex": 0},
				"down": {"uv": [6, 3, 7, 4], "rotation": 180, "texture": "#stem", "tintindex": 0}
			}
		},
		{
			"from": [7.5, -1, 4.75],
			"to": [8.5, 0, 8.75],
			"rotation": {"angle": -45, "axis": "y", "origin": [8, 8, 8]},
			"faces": {
				"north": {"uv": [5, 7, 6, 8], "texture": "#stem", "tintindex": 0},
				"east": {"uv": [5, 7, 9, 8], "texture": "#stem", "tintindex": 0},
				"south": {"uv": [8, 7, 9, 8], "texture": "#stem", "tintindex": 0},
				"west": {"uv": [5, 7, 9, 8], "texture": "#stem", "tintindex": 0},
				"up": {"uv": [5, 7, 9, 8], "rotation": 90, "texture": "#stem", "tintindex": 0},
				"down": {"uv": [0, 0, 4, 1], "rotation": 270, "texture": "#stem", "tintindex": 0}
			}
		},
		{
			"from": [7.5, 0, 4.75],
			"to": [8.5, 1, 5.75],
			"rotation": {"angle": -45, "axis": "y", "origin": [8, 8, 8]},
			"faces": {
				"north": {"uv": [5, 6, 6, 7], "texture": "#stem", "tintindex": 0},
				"east": {"uv": [5, 6, 6, 7], "texture": "#stem", "tintindex": 0},
				"south": {"uv": [5, 6, 6, 7], "texture": "#stem", "tintindex": 0},
				"west": {"uv": [5, 6, 6, 7], "texture": "#stem", "tintindex": 0},
				"up": {"uv": [5, 6, 6, 7], "rotation": 90, "texture": "#stem", "tintindex": 0}
			}
		},
		{
			"from": [7.5, 0, 6.75],
			"to": [8.5, 5, 7.75],
			"rotation": {"angle": -45, "axis": "y", "origin": [8, 8, 8]},
			"faces": {
				"north": {"uv": [7, 2, 8, 7], "texture": "#stem", "tintindex": 0},
				"east": {"uv": [7, 2, 8, 7], "texture": "#stem", "tintindex": 0},
				"south": {"uv": [7, 2, 8, 7], "texture": "#stem", "tintindex": 0},
				"west": {"uv": [7, 2, 8, 7], "texture": "#stem", "tintindex": 0},
				"up": {"uv": [7, 2, 8, 3], "rotation": 90, "texture": "#stem", "tintindex": 0}
			}
		},
		{
			"from": [7.5, 0, 7.75],
			"to": [8.5, 2, 8.75],
			"rotation": {"angle": -45, "axis": "y", "origin": [8, 8, 8]},
			"faces": {
				"east": {"uv": [8, 5, 9, 7], "texture": "#stem", "tintindex": 0},
				"south": {"uv": [8, 5, 9, 7], "texture": "#stem", "tintindex": 0},
				"west": {"uv": [8, 5, 9, 7], "texture": "#stem", "tintindex": 0},
				"up": {"uv": [8, 5, 9, 6], "rotation": 90, "texture": "#stem", "tintindex": 0}
			}
		},
		{
			"from": [7.5, 3, 5.75],
			"to": [8.5, 6, 6.75],
			"rotation": {"angle": -45, "axis": "y", "origin": [8, 8, 8]},
			"faces": {
				"north": {"uv": [6, 1, 7, 4], "texture": "#stem", "tintindex": 0},
				"east": {"uv": [6, 1, 7, 4], "texture": "#stem", "tintindex": 0},
				"south": {"uv": [6, 1, 7, 4], "texture": "#stem", "tintindex": 0},
				"west": {"uv": [6, 1, 7, 4], "texture": "#stem", "tintindex": 0},
				"up": {"uv": [6, 1, 7, 2], "rotation": 90, "texture": "#stem", "tintindex": 0},
				"down": {"uv": [6, 3, 7, 4], "rotation": 270, "texture": "#stem", "tintindex": 0}
			}
		}
	],
	"groups": [
		{
			"name": "group",
			"origin": [8, 8, 8],
			"children": [0, 1, 2, 3, 4, 5, 6]
		},
		{
			"name": "group",
			"origin": [8, 8, 8],
			"children": [7, 8, 9, 10, 11]
		},
		{
			"name": "group",
			"origin": [8, 8, 8],
			"children": [12, 13, 14, 15, 16]
		}
	]
}