{
	"credit": "Made with Blockbench",
	"ambientocclusion": false,
	"textures": {
		"particle": "block/melon_stem",
		"stem": "block/melon_stem"
	},
	"elements": [
		{
			"from": [7, -1, 7.5],
			"to": [8, 0, 8.5],
			"rotation": {"angle": 45, "axis": "y", "origin": [8, 8, 8]},
			"faces": {
				"north": {"uv": [8, 5, 9, 6], "texture": "#stem", "tintindex": 0},
				"south": {"uv": [8, 5, 9, 6], "texture": "#stem", "tintindex": 0},
				"west": {"uv": [8, 5, 9, 6], "texture": "#stem", "tintindex": 0},
				"up": {"uv": [8, 5, 9, 6], "texture": "#stem", "tintindex": 0}
			}
		},
		{
			"from": [8, -1, 7.5],
			"to": [9, 3, 8.5],
			"rotation": {"angle": 45, "axis": "y", "origin": [8, 8, 8]},
			"faces": {
				"north": {"uv": [7, 2, 8, 6], "texture": "#stem", "tintindex": 0},
				"east": {"uv": [7, 2, 8, 6], "texture": "#stem", "tintindex": 0},
				"south": {"uv": [7, 2, 8, 6], "texture": "#stem", "tintindex": 0},
				"west": {"uv": [7, 2, 8, 6], "texture": "#stem", "tintindex": 0},
				"up": {"uv": [7, 2, 8, 3], "texture": "#stem", "tintindex": 0}
			}
		},
		{
			"from": [9, 1, 7.5],
			"to": [10, 4, 8.5],
			"rotation": {"angle": 45, "axis": "y", "origin": [8, 8, 8]},
			"faces": {
				"north": {"uv": [6, 1, 7, 4], "texture": "#stem", "tintindex": 0},
				"east": {"uv": [6, 1, 7, 4], "texture": "#stem", "tintindex": 0},
				"south": {"uv": [6, 1, 7, 4], "texture": "#stem", "tintindex": 0},
				"west": {"uv": [6, 1, 7, 4], "texture": "#stem", "tintindex": 0},
				"up": {"uv": [6, 1, 7, 2], "texture": "#stem", "tintindex": 0},
				"down": {"uv": [6, 3, 7, 4], "texture": "#stem", "tintindex": 0}
			}
		},
		{
			"from": [7.5, -1, 8],
			"to": [8.5, 0, 9],
			"rotation": {"angle": 45, "axis": "y", "origin": [8, 8, 8]},
			"faces": {
				"east": {"uv": [8, 5, 9, 6], "texture": "#stem", "tintindex": 0},
				"south": {"uv": [8, 5, 9, 6], "texture": "#stem", "tintindex": 0},
				"west": {"uv": [8, 5, 9, 6], "texture": "#stem", "tintindex": 0},
				"up": {"uv": [8, 5, 9, 6], "rotation": 270, "texture": "#stem", "tintindex": 0}
			}
		},
		{
			"from": [7.5, -1, 7],
			"to": [8.5, 3, 8],
			"rotation": {"angle": 45, "axis": "y", "origin": [8, 8, 8]},
			"faces": {
				"north": {"uv": [7, 2, 8, 6], "texture": "#stem", "tintindex": 0},
				"east": {"uv": [7, 2, 8, 6], "texture": "#stem", "tintindex": 0},
				"south": {"uv": [7, 2, 8, 6], "texture": "#stem", "tintindex": 0},
				"west": {"uv": [7, 2, 8, 6], "texture": "#stem", "tintindex": 0},
				"up": {"uv": [7, 2, 8, 3], "rotation": 270, "texture": "#stem", "tintindex": 0}
			}
		},
		{
			"from": [7.5, 1, 6],
			"to": [8.5, 4, 7],
			"rotation": {"angle": 45, "axis": "y", "origin": [8, 8, 8]},
			"faces": {
				"north": {"uv": [6, 1, 7, 4], "texture": "#stem", "tintindex": 0},
				"east": {"uv": [6, 1, 7, 4], "texture": "#stem", "tintindex": 0},
				"south": {"uv": [6, 1, 7, 4], "texture": "#stem", "tintindex": 0},
				"west": {"uv": [6, 1, 7, 4], "texture": "#stem", "tintindex": 0},
				"up": {"uv": [6, 1, 7, 2], "rotation": 270, "texture": "#stem", "tintindex": 0},
				"down": {"uv": [6, 3, 7, 4], "rotation": 90, "texture": "#stem", "tintindex": 0}
			}
		}
	],
	"groups": [
		{
			"name": "group",
			"origin": [8, 8, 8],
			"children": [0, 1, 2]
		},
		{
			"name": "group",
			"origin": [8, 8, 8],
			"children": [3, 4, 5]
		}
	]
}