{
	"credit": "Made with Blockbench",
	"ambientocclusion": false,
	"textures": {
		"particle": "block/pumpkin_stem",
		"stem": "block/pumpkin_stem"
	},
	"elements": [
		{
			"from": [9, -1, 7.5],
			"to": [10, 0, 8.5],
			"rotation": {"angle": 45, "axis": "y", "origin": [8, 8, 8]},
			"faces": {
				"north": {"uv": [6, 1, 7, 2], "texture": "#stem", "tintindex": 0},
				"east": {"uv": [6, 1, 7, 2], "texture": "#stem", "tintindex": 0},
				"south": {"uv": [6, 1, 7, 2], "texture": "#stem", "tintindex": 0},
				"west": {"uv": [6, 1, 7, 2], "texture": "#stem", "tintindex": 0},
				"up": {"uv": [6, 1, 7, 2], "texture": "#stem", "tintindex": 0}
			}
		},
		{
			"from": [7.5, -1, 6],
			"to": [8.5, 0, 7],
			"rotation": {"angle": 45, "axis": "y", "origin": [8, 8, 8]},
			"faces": {
				"north": {"uv": [6, 1, 7, 2], "texture": "#stem", "tintindex": 0},
				"east": {"uv": [6, 1, 7, 2], "texture": "#stem", "tintindex": 0},
				"south": {"uv": [6, 1, 7, 2], "texture": "#stem", "tintindex": 0},
				"west": {"uv": [6, 1, 7, 2], "texture": "#stem", "tintindex": 0},
				"up": {"uv": [6, 1, 7, 2], "rotation": 270, "texture": "#stem", "tintindex": 0}
			}
		}
	]
}