{
	"credit": "Made with Blockbench",
	"ambientocclusion": false,
	"textures": {
		"particle": "block/pumpkin_stem",
		"stem": "block/pumpkin_stem"
	},
	"elements": [
		{
			"from": [8, -1, 7.5],
			"to": [9, 1, 8.5],
			"rotation": {"angle": 45, "axis": "y", "origin": [8, 8, 8]},
			"faces": {
				"north": {"uv": [7, 2, 8, 4], "texture": "#stem", "tintindex": 0},
				"east": {"uv": [0, 0, 1, 2], "texture": "#stem", "tintindex": 0},
				"south": {"uv": [7, 2, 8, 4], "texture": "#stem", "tintindex": 0},
				"west": {"uv": [7, 2, 8, 4], "texture": "#stem", "tintindex": 0},
				"up": {"uv": [7, 2, 8, 3], "texture": "#stem", "tintindex": 0}
			}
		},
		{
			"from": [9, -1, 7.5],
			"to": [10, 2, 8.5],
			"rotation": {"angle": 45, "axis": "y", "origin": [8, 8, 8]},
			"faces": {
				"north": {"uv": [6, 1, 7, 4], "texture": "#stem", "tintindex": 0},
				"east": {"uv": [6, 1, 7, 4], "texture": "#stem", "tintindex": 0},
				"south": {"uv": [6, 1, 7, 4], "texture": "#stem", "tintindex": 0},
				"west": {"uv": [6, 1, 7, 4], "texture": "#stem", "tintindex": 0},
				"up": {"uv": [6, 1, 7, 2], "texture": "#stem", "tintindex": 0}
			}
		},
		{
			"from": [7.5, -1, 7],
			"to": [8.5, 1, 8],
			"rotation": {"angle": 45, "axis": "y", "origin": [8, 8, 8]},
			"faces": {
				"north": {"uv": [0, 0, 1, 2], "texture": "#stem", "tintindex": 0},
				"east": {"uv": [7, 2, 8, 4], "texture": "#stem", "tintindex": 0},
				"south": {"uv": [7, 2, 8, 4], "texture": "#stem", "tintindex": 0},
				"west": {"uv": [7, 2, 8, 4], "texture": "#stem", "tintindex": 0},
				"up": {"uv": [7, 2, 8, 3], "rotation": 270, "texture": "#stem", "tintindex": 0}
			}
		},
		{
			"from": [7.5, -1, 6],
			"to": [8.5, 2, 7],
			"rotation": {"angle": 45, "axis": "y", "origin": [8, 8, 8]},
			"faces": {
				"north": {"uv": [6, 1, 7, 4], "texture": "#stem", "tintindex": 0},
				"east": {"uv": [6, 1, 7, 4], "texture": "#stem", "tintindex": 0},
				"south": {"uv": [6, 1, 7, 4], "texture": "#stem", "tintindex": 0},
				"west": {"uv": [6, 1, 7, 4], "texture": "#stem", "tintindex": 0},
				"up": {"uv": [6, 1, 7, 2], "rotation": 270, "texture": "#stem", "tintindex": 0}
			}
		}
	],
	"groups": [
		{
			"name": "group",
			"origin": [8, 8, 8],
			"children": [0, 1]
		},
		{
			"name": "group",
			"origin": [8, 8, 8],
			"children": [2, 3]
		}
	]
}