{
	"credit": "Made with Blockbench",
	"ambientocclusion": false,
	"textures": {
		"particle": "block/pumpkin_stem",
		"stem": "block/pumpkin_stem"
	},
	"elements": [
		{
			"from": [6, -1, 7.5],
			"to": [9, 0, 8.5],
			"rotation": {"angle": 45, "axis": "y", "origin": [8, 8, 8]},
			"faces": {
				"north": {"uv": [7, 9, 10, 10], "texture": "#stem", "tintindex": 0},
				"east": {"uv": [7, 9, 8, 10], "texture": "#stem", "tintindex": 0},
				"south": {"uv": [7, 9, 10, 10], "texture": "#stem", "tintindex": 0},
				"west": {"uv": [9, 9, 10, 10], "texture": "#stem", "tintindex": 0},
				"up": {"uv": [7, 9, 10, 10], "rotation": 180, "texture": "#stem", "tintindex": 0}
			}
		},
		{
			"from": [7, 0, 7.5],
			"to": [10, 1, 8.5],
			"rotation": {"angle": 45, "axis": "y", "origin": [8, 8, 8]},
			"faces": {
				"north": {"uv": [6, 8, 9, 9], "texture": "#stem", "tintindex": 0},
				"east": {"uv": [6, 8, 7, 9], "texture": "#stem", "tintindex": 0},
				"south": {"uv": [6, 8, 9, 9], "rotation": 180, "texture": "#stem", "tintindex": 0},
				"west": {"uv": [8, 8, 9, 9], "texture": "#stem", "tintindex": 0},
				"down": {"uv": [0, 0, 0, 0], "rotation": 180, "texture": "#stem", "tintindex": 0}
			}
		},
		{
			"from": [5, 0, 7.5],
			"to": [6, 1, 8.5],
			"rotation": {"angle": 45, "axis": "y", "origin": [8, 8, 8]},
			"faces": {
				"north": {"uv": [10, 8, 11, 9], "texture": "#stem", "tintindex": 0},
				"east": {"uv": [10, 8, 11, 9], "texture": "#stem", "tintindex": 0},
				"south": {"uv": [10, 8, 11, 9], "texture": "#stem", "tintindex": 0},
				"west": {"uv": [10, 8, 11, 9], "texture": "#stem", "tintindex": 0},
				"up": {"uv": [10, 8, 11, 9], "texture": "#stem", "tintindex": 0},
				"down": {"uv": [0, 0, 0, 0], "texture": "#stem", "tintindex": 0}
			}
		},
		{
			"from": [7, 1, 7.5],
			"to": [11, 2, 8.5],
			"rotation": {"angle": 45, "axis": "y", "origin": [8, 8, 8]},
			"faces": {
				"north": {"uv": [5, 7, 9, 8], "texture": "#stem", "tintindex": 0},
				"east": {"uv": [5, 7, 6, 8], "texture": "#stem", "tintindex": 0},
				"south": {"uv": [5, 7, 9, 8], "rotation": 180, "texture": "#stem", "tintindex": 0},
				"west": {"uv": [8, 7, 9, 8], "texture": "#stem", "tintindex": 0},
				"up": {"uv": [5, 7, 9, 8], "rotation": 180, "texture": "#stem", "tintindex": 0},
				"down": {"uv": [0, 0, 0, 0], "rotation": 180, "texture": "#stem", "tintindex": 0}
			}
		},
		{
			"from": [10, 2, 7.5],
			"to": [11, 3, 8.5],
			"rotation": {"angle": 45, "axis": "y", "origin": [8, 8, 8]},
			"faces": {
				"north": {"uv": [5, 6, 6, 7], "texture": "#stem", "tintindex": 0},
				"east": {"uv": [5, 6, 6, 7], "texture": "#stem", "tintindex": 0},
				"south": {"uv": [5, 6, 6, 7], "texture": "#stem", "tintindex": 0},
				"west": {"uv": [5, 6, 6, 7], "texture": "#stem", "tintindex": 0},
				"up": {"uv": [5, 6, 6, 7], "texture": "#stem", "tintindex": 0}
			}
		},
		{
			"from": [7, 2, 7.5],
			"to": [8, 4, 8.5],
			"rotation": {"angle": 45, "axis": "y", "origin": [8, 8, 8]},
			"faces": {
				"north": {"uv": [8, 5, 9, 7], "texture": "#stem", "tintindex": 0},
				"south": {"uv": [8, 5, 9, 7], "texture": "#stem", "tintindex": 0},
				"west": {"uv": [8, 5, 9, 7], "texture": "#stem", "tintindex": 0},
				"up": {"uv": [8, 5, 9, 7], "texture": "#stem", "tintindex": 0}
			}
		},
		{
			"from": [9, 5, 7.5],
			"to": [10, 8, 8.5],
			"rotation": {"angle": 45, "axis": "y", "origin": [8, 8, 8]},
			"faces": {
				"north": {"uv": [6, 1, 7, 4], "texture": "#stem", "tintindex": 0},
				"east": {"uv": [6, 1, 7, 4], "texture": "#stem", "tintindex": 0},
				"south": {"uv": [6, 1, 7, 4], "texture": "#stem", "tintindex": 0},
				"west": {"uv": [6, 1, 7, 4], "texture": "#stem", "tintindex": 0},
				"up": {"uv": [6, 1, 7, 2], "texture": "#stem", "tintindex": 0},
				"down": {"uv": [0, 0, 0, 0], "texture": "#stem", "tintindex": 0}
			}
		},
		{
			"from": [8, 2, 7.5],
			"to": [9, 7, 8.5],
			"rotation": {"angle": 45, "axis": "y", "origin": [8, 8, 8]},
			"faces": {
				"north": {"uv": [7, 2, 8, 7], "texture": "#stem", "tintindex": 0},
				"east": {"uv": [7, 2, 8, 7], "texture": "#stem", "tintindex": 0},
				"south": {"uv": [7, 2, 8, 7], "texture": "#stem", "tintindex": 0},
				"west": {"uv": [7, 2, 8, 7], "texture": "#stem", "tintindex": 0},
				"up": {"uv": [7, 2, 8, 3], "texture": "#stem", "tintindex": 0}
			}
		},
		{
			"from": [7.5, -1, 7],
			"to": [8.5, 0, 10],
			"rotation": {"angle": 45, "axis": "y", "origin": [8, 8, 8]},
			"faces": {
				"north": {"uv": [7, 9, 8, 10], "texture": "#stem", "tintindex": 0},
				"east": {"uv": [7, 9, 10, 10], "texture": "#stem", "tintindex": 0},
				"south": {"uv": [9, 9, 10, 10], "texture": "#stem", "tintindex": 0},
				"west": {"uv": [7, 9, 10, 10], "texture": "#stem", "tintindex": 0},
				"up": {"uv": [7, 9, 10, 10], "rotation": 90, "texture": "#stem", "tintindex": 0}
			}
		},
		{
			"from": [7.5, 0, 6],
			"to": [8.5, 1, 9],
			"rotation": {"angle": 45, "axis": "y", "origin": [8, 8, 8]},
			"faces": {
				"north": {"uv": [6, 8, 7, 9], "texture": "#stem", "tintindex": 0},
				"east": {"uv": [6, 8, 9, 9], "rotation": 180, "texture": "#stem", "tintindex": 0},
				"south": {"uv": [8, 8, 9, 9], "texture": "#stem", "tintindex": 0},
				"west": {"uv": [6, 8, 9, 9], "texture": "#stem", "tintindex": 0},
				"down": {"uv": [0, 0, 0, 0], "rotation": 270, "texture": "#stem", "tintindex": 0}
			}
		},
		{
			"from": [7.5, 0, 10],
			"to": [8.5, 1, 11],
			"rotation": {"angle": 45, "axis": "y", "origin": [8, 8, 8]},
			"faces": {
				"north": {"uv": [10, 8, 11, 9], "texture": "#stem", "tintindex": 0},
				"east": {"uv": [10, 8, 11, 9], "texture": "#stem", "tintindex": 0},
				"south": {"uv": [10, 8, 11, 9], "texture": "#stem", "tintindex": 0},
				"west": {"uv": [10, 8, 11, 9], "texture": "#stem", "tintindex": 0},
				"up": {"uv": [10, 8, 11, 9], "rotation": 270, "texture": "#stem", "tintindex": 0},
				"down": {"uv": [0, 0, 0, 0], "rotation": 90, "texture": "#stem", "tintindex": 0}
			}
		},
		{
			"from": [7.5, 1, 5],
			"to": [8.5, 2, 9],
			"rotation": {"angle": 45, "axis": "y", "origin": [8, 8, 8]},
			"faces": {
				"north": {"uv": [5, 7, 6, 8], "texture": "#stem", "tintindex": 0},
				"east": {"uv": [5, 7, 9, 8], "rotation": 180, "texture": "#stem", "tintindex": 0},
				"south": {"uv": [8, 7, 9, 8], "texture": "#stem", "tintindex": 0},
				"west": {"uv": [5, 7, 9, 8], "texture": "#stem", "tintindex": 0},
				"up": {"uv": [5, 7, 9, 8], "rotation": 90, "texture": "#stem", "tintindex": 0},
				"down": {"uv": [0, 0, 0, 0], "rotation": 270, "texture": "#stem", "tintindex": 0}
			}
		},
		{
			"from": [7.5, 2, 5],
			"to": [8.5, 3, 6],
			"rotation": {"angle": 45, "axis": "y", "origin": [8, 8, 8]},
			"faces": {
				"north": {"uv": [5, 6, 6, 7], "texture": "#stem", "tintindex": 0},
				"east": {"uv": [5, 6, 6, 7], "texture": "#stem", "tintindex": 0},
				"south": {"uv": [5, 6, 6, 7], "texture": "#stem", "tintindex": 0},
				"west": {"uv": [5, 6, 6, 7], "texture": "#stem", "tintindex": 0},
				"up": {"uv": [5, 6, 6, 7], "rotation": 270, "texture": "#stem", "tintindex": 0}
			}
		},
		{
			"from": [7.5, 2, 8],
			"to": [8.5, 4, 9],
			"rotation": {"angle": 45, "axis": "y", "origin": [8, 8, 8]},
			"faces": {
				"east": {"uv": [8, 5, 9, 7], "texture": "#stem", "tintindex": 0},
				"south": {"uv": [8, 5, 9, 7], "texture": "#stem", "tintindex": 0},
				"west": {"uv": [8, 5, 9, 7], "texture": "#stem", "tintindex": 0},
				"up": {"uv": [8, 5, 9, 7], "rotation": 270, "texture": "#stem", "tintindex": 0}
			}
		},
		{
			"from": [7.5, 5, 6],
			"to": [8.5, 8, 7],
			"rotation": {"angle": 45, "axis": "y", "origin": [8, 8, 8]},
			"faces": {
				"north": {"uv": [6, 1, 7, 4], "texture": "#stem", "tintindex": 0},
				"east": {"uv": [6, 1, 7, 4], "texture": "#stem", "tintindex": 0},
				"south": {"uv": [6, 1, 7, 4], "texture": "#stem", "tintindex": 0},
				"west": {"uv": [6, 1, 7, 4], "texture": "#stem", "tintindex": 0},
				"up": {"uv": [6, 1, 7, 2], "rotation": 270, "texture": "#stem", "tintindex": 0},
				"down": {"uv": [0, 0, 0, 0], "rotation": 90, "texture": "#stem", "tintindex": 0}
			}
		},
		{
			"from": [7.5, 2, 7],
			"to": [8.5, 7, 8],
			"rotation": {"angle": 45, "axis": "y", "origin": [8, 8, 8]},
			"faces": {
				"north": {"uv": [7, 2, 8, 7], "texture": "#stem", "tintindex": 0},
				"east": {"uv": [7, 2, 8, 7], "texture": "#stem", "tintindex": 0},
				"south": {"uv": [7, 2, 8, 7], "texture": "#stem", "tintindex": 0},
				"west": {"uv": [7, 2, 8, 7], "texture": "#stem", "tintindex": 0},
				"up": {"uv": [7, 2, 8, 3], "rotation": 270, "texture": "#stem", "tintindex": 0}
			}
		}
	],
	"groups": [
		{
			"name": "group",
			"origin": [8, 8, 8],
			"children": [0, 1, 2, 3, 4, 5, 6, 7]
		},
		{
			"name": "group",
			"origin": [8, 8, 8],
			"children": [8, 9, 10, 11, 12, 13, 14, 15]
		}
	]
}