{
	"credit": "Made with Blockbench",
	"parent": "block/block",
	"textures": {
		"particle": "block/sea_pickle",
		"all": "block/sea_pickle"
	},
	"elements": [
		{
			"from": [3, 0, 3],
			"to": [7, 6, 7],
			"faces": {
				"north": {"uv": [4, 5, 8, 11], "texture": "#all"},
				"east": {"uv": [12, 5, 16, 11], "texture": "#all"},
				"south": {"uv": [0, 5, 4, 11], "texture": "#all"},
				"west": {"uv": [8, 5, 12, 11], "texture": "#all"},
				"up": {"uv": [4, 1, 8, 5], "texture": "#all"},
				"down": {"uv": [8, 1, 12, 5], "texture": "#all", "cullface": "down"}
			}
		},
		{
			"from": [3, 5.95, 3],
			"to": [7, 5.95, 7],
			"faces": {
				"up": {"uv": [8, 1, 12, 5], "texture": "#all"}
			}
		},
		{
			"from": [8, 0, 8],
			"to": [12, 4, 12],
			"faces": {
				"north": {"uv": [4, 5, 8, 9], "texture": "#all"},
				"east": {"uv": [12, 5, 16, 9], "texture": "#all"},
				"south": {"uv": [0, 5, 4, 9], "texture": "#all"},
				"west": {"uv": [8, 5, 12, 9], "texture": "#all"},
				"up": {"uv": [4, 1, 8, 5], "texture": "#all"},
				"down": {"uv": [8, 1, 12, 5], "texture": "#all", "cullface": "down"}
			}
		},
		{
			"from": [8, 3.95, 8],
			"to": [12, 3.95, 12],
			"faces": {
				"up": {"uv": [8, 1, 12, 5], "texture": "#all"}
			}
		},
		{
			"from": [7.25, 6, 3],
			"to": [8, 7.5, 3.75],
			"rotation": {"angle": 45, "axis": "y", "origin": [8, 8, 8]},
			"faces": {
				"north": {"uv": [1, 2, 2, 4], "texture": "#all"},
				"east": {"uv": [1, 2, 2, 4], "texture": "#all"},
				"south": {"uv": [1, 2, 2, 4], "texture": "#all"},
				"west": {"uv": [1, 2, 2, 4], "texture": "#all"},
				"up": {"uv": [1, 2, 2, 3], "texture": "#all"}
			}
		},
		{
			"from": [7.25, 8.25, 3],
			"to": [8, 9, 3.75],
			"rotation": {"angle": 45, "axis": "y", "origin": [8, 8, 8]},
			"faces": {
				"north": {"uv": [1, 2, 2, 3], "texture": "#all"},
				"east": {"uv": [1, 2, 2, 3], "texture": "#all"},
				"south": {"uv": [1, 2, 2, 3], "texture": "#all"},
				"west": {"uv": [1, 2, 2, 3], "texture": "#all"},
				"up": {"uv": [1, 2, 2, 3], "texture": "#all"},
				"down": {"uv": [1, 2, 2, 3], "texture": "#all"}
			}
		},
		{
			"from": [8, 6, 3.75],
			"to": [8.75, 8.25, 4.5],
			"rotation": {"angle": 45, "axis": "y", "origin": [8, 8, 8]},
			"faces": {
				"north": {"uv": [1, 2, 2, 5], "texture": "#all"},
				"east": {"uv": [1, 2, 2, 5], "texture": "#all"},
				"south": {"uv": [1, 2, 2, 5], "texture": "#all"},
				"west": {"uv": [1, 2, 2, 5], "texture": "#all"},
				"up": {"uv": [1, 2, 2, 3], "texture": "#all"}
			}
		},
		{
			"from": [9.27157, 4, 10],
			"to": [10.02157, 5.5, 10.75],
			"rotation": {"angle": 45, "axis": "y", "origin": [10, 8, 10]},
			"faces": {
				"north": {"uv": [1, 2, 2, 4], "texture": "#all"},
				"east": {"uv": [1, 2, 2, 4], "texture": "#all"},
				"south": {"uv": [1, 2, 2, 4], "texture": "#all"},
				"west": {"uv": [1, 2, 2, 4], "texture": "#all"},
				"up": {"uv": [1, 2, 2, 3], "rotation": 270, "texture": "#all"}
			}
		},
		{
			"from": [9.27157, 6.25, 10],
			"to": [10.02157, 7, 10.75],
			"rotation": {"angle": 45, "axis": "y", "origin": [10, 8, 10]},
			"faces": {
				"north": {"uv": [1, 2, 2, 3], "texture": "#all"},
				"east": {"uv": [1, 2, 2, 3], "texture": "#all"},
				"south": {"uv": [1, 2, 2, 3], "texture": "#all"},
				"west": {"uv": [1, 2, 2, 3], "texture": "#all"},
				"up": {"uv": [1, 2, 2, 3], "rotation": 270, "texture": "#all"},
				"down": {"uv": [1, 2, 2, 3], "rotation": 90, "texture": "#all"}
			}
		},
		{
			"from": [10.02157, 4, 9.25],
			"to": [10.77157, 6.25, 10],
			"rotation": {"angle": 45, "axis": "y", "origin": [10, 8, 10]},
			"faces": {
				"north": {"uv": [1, 2, 2, 5], "texture": "#all"},
				"east": {"uv": [1, 2, 2, 5], "texture": "#all"},
				"south": {"uv": [1, 2, 2, 5], "texture": "#all"},
				"west": {"uv": [1, 2, 2, 5], "texture": "#all"},
				"up": {"uv": [1, 2, 2, 3], "rotation": 270, "texture": "#all"}
			}
		}
	],
	"groups": [0, 1, 2, 3,
		{
			"name": "group",
			"origin": [8, 8, 8],
			"children": [4, 5, 6]
		},
		{
			"name": "group",
			"origin": [8, 8, 8],
			"children": [7, 8, 9]
		}
	]
}