{
"ambientocclusion": false,
    "textures": {
        "particle": "blocks/rail_activator",
        "0": "blocks/rail_off",
        "1": "blocks/rail_extra"
    },
   "elements": [
		{
			"from": [ 1, 14.6, 1 ],
			"to": [ 15, 15.6, 3 ],
			"rotation": { "origin": [ 3, 15.6, 1 ], "axis": "x", "angle": 45 },
			"faces": {
				"down": { "uv": [ 1, 1, 15, 3 ], "texture": "#0" },
				"up": { "uv": [ 1, 1, 15, 3 ], "texture": "#0" },
				"north": { "uv": [ 1, 0, 15, 1 ], "texture": "#0" },
				"south": { "uv": [ 1, 4, 15, 3 ], "texture": "#0" },
				"west": { "uv": [ 0, 1, 1, 3 ], "texture": "#0", "rotation": 90 },
				"east": { "uv": [ 15, 1, 16, 3 ], "texture": "#0", "rotation": 270 }
			}
		},
		{
			"from": [ 1, 10.6, 5 ],
			"to": [ 15, 11.6, 7 ],
			"rotation": { "origin": [ 3, 11.6, 5 ], "axis": "x", "angle": 45 },
			"faces": {
				"down": { "uv": [ 1, 5, 15, 7 ], "texture": "#0" },
				"up": { "uv": [ 1, 5, 15, 7 ], "texture": "#0" },
				"north": { "uv": [ 1, 4, 15, 5 ], "texture": "#0" },
				"south": { "uv": [ 1, 8, 15, 7 ], "texture": "#0" },
				"west": { "uv": [ 0, 5, 1, 7 ], "texture": "#0", "rotation": 90 },
				"east": { "uv": [ 15, 5, 16, 7 ], "texture": "#0", "rotation": 270 }
			}
		},
		{
			"from": [ 1, 6.5, 9 ],
			"to": [ 15, 7.5, 11 ],
			"rotation": { "origin": [ 3, 7.5, 9 ], "axis": "x", "angle": 45 },
			"faces": {
				"down": { "uv": [ 1, 9, 15, 11 ], "texture": "#0" },
				"up": { "uv": [ 1, 9, 15, 11 ], "texture": "#0" },
				"north": { "uv": [ 1, 8, 15, 9 ], "texture": "#0" },
				"south": { "uv": [ 1, 12, 15, 11 ], "texture": "#0" },
				"west": { "uv": [ 0, 9, 1, 11 ], "texture": "#0", "rotation": 90 },
				"east": { "uv": [ 15, 9, 16, 11 ], "texture": "#0", "rotation": 270 }
			}
		},
		{
			"from": [ 1, 2.5, 13 ],
			"to": [ 15, 3.5, 15 ],
			"rotation": { "origin": [ 3, 3.5, 13 ], "axis": "x", "angle": 45 },
			"faces": {
				"down": { "uv": [ 1, 13, 15, 15 ], "texture": "#0" },
				"up": { "uv": [ 1, 13, 15, 15 ], "texture": "#0" },
				"north": { "uv": [ 1, 12, 15, 13 ], "texture": "#0" },
				"south": { "uv": [ 1, 16, 15, 15 ], "texture": "#0" },
				"west": { "uv": [ 0, 13, 1, 15 ], "texture": "#0", "rotation": 90 },
				"east": { "uv": [ 15, 13, 16, 15 ], "texture": "#0", "rotation": 270 }
			}
		},
		{
			"from": [ 2, 17, 0 ],
			"to": [ 3, 18, 23.4 ],
			"rotation": { "origin": [ 3, 18, 0 ], "axis": "x", "angle": 45 },
			"faces": {
				"down": { "uv": [ 0, 15, 1, 16 ], "texture": "#0" },
				"up": { "uv": [ 0, 15, 1, 16 ], "texture": "#0" },
				"north": { "uv": [ 0, 15, 1, 16 ], "texture": "#0" },
				"south": { "uv": [ 0, 15, 1, 16 ], "texture": "#0" },
				"west": { "uv": [ 0, 15, 1, 16 ], "texture": "#0" },
				"east": { "uv": [ 0, 15, 1, 16 ], "texture": "#0" }
			}
		},
		{
			"from": [ 13, 17, 0 ],
			"to": [ 14, 18, 23.4 ],
			"rotation": { "origin": [ 3, 18, 0 ], "axis": "x", "angle": 45 },
			"faces": {
				"down": { "uv": [ 0, 15, 1, 16 ], "texture": "#0" },
				"up": { "uv": [ 0, 15, 1, 16 ], "texture": "#0" },
				"north": { "uv": [ 0, 15, 1, 16 ], "texture": "#0" },
				"south": { "uv": [ 0, 15, 1, 16 ], "texture": "#0" },
				"west": { "uv": [ 0, 15, 1, 16 ], "texture": "#0" },
				"east": { "uv": [ 0, 15, 1, 16 ], "texture": "#0" }
			}
		},
        {
            "name": "Redstone",
            "from": [ 7.0, 2.6000000074505802, -2.4000000059604645 ], 
            "to": [ 9.0, 3.000000005960464, 13.0 ], 
            "rotation": { "origin": [ 3.0, 3.0999999940395355, 13.0 ], "axis": "x", "angle": 45.0 },
            "faces": {
                "east": { "texture": "#1", "uv": [ 3.0, 6.0, 3.5, 16.0 ], "rotation": 270 },
                "west": { "texture": "#1", "uv": [ 0.5, 6.0, 0.9999999999999991, 16.0 ], "rotation": 90 },
                "up": { "texture": "#1", "uv": [ 1.0, 6.0, 3.0, 16.0 ] },
                "down": { "texture": "#1", "uv": [ 1.0, 6.0, 3.0, 16.0 ] }
            }
        }
	]
}