{
"ambientocclusion": false,
    "textures": {
        "particle": "blocks/rail_activator_powered",
        "0": "blocks/rail_on",
        "1": "blocks/rail_extra"
    },
    "elements": [
		{
			"from": [ 1, 0, 1 ],
			"to": [ 15, 1, 3 ],
			"faces": {
				"down": { "uv": [ 1, 1, 15, 3 ], "texture": "#0" },
				"up": { "uv": [ 1, 1, 15, 3 ], "texture": "#0" },
				"north": { "uv": [ 1, 0, 15, 1 ], "texture": "#0" },
				"south": { "uv": [ 1, 4, 15, 3 ], "texture": "#0" },
				"west": { "uv": [ 0, 1, 1, 3 ], "texture": "#0", "rotation": 90 },
				"east": { "uv": [ 15, 1, 16, 3 ], "texture": "#0", "rotation": 270 }
			}
		},
		{
			"from": [ 1, 0, 5 ],
			"to": [ 15, 1, 7 ],
			"faces": {
				"down": { "uv": [ 1, 5, 15, 7 ], "texture": "#0" },
				"up": { "uv": [ 1, 5, 15, 7 ], "texture": "#0" },
				"north": { "uv": [ 1, 4, 15, 5 ], "texture": "#0" },
				"south": { "uv": [ 1, 8, 15, 7 ], "texture": "#0" },
				"west": { "uv": [ 0, 5, 1, 7 ], "texture": "#0", "rotation": 90 },
				"east": { "uv": [ 15, 5, 16, 7 ], "texture": "#0", "rotation": 270 }
			}
		},
		{
			"from": [ 1, 0, 9 ],
			"to": [ 15, 1, 11 ],
			"faces": {
				"down": { "uv": [ 1, 9, 15, 11 ], "texture": "#0" },
				"up": { "uv": [ 1, 9, 15, 11 ], "texture": "#0" },
				"north": { "uv": [ 1, 8, 15, 9 ], "texture": "#0" },
				"south": { "uv": [ 1, 12, 15, 11 ], "texture": "#0" },
				"west": { "uv": [ 0, 9, 1, 11 ], "texture": "#0", "rotation": 90 },
				"east": { "uv": [ 15, 9, 16, 11 ], "texture": "#0", "rotation": 270 }
			}
		},
		{
			"from": [ 1, 0, 13 ],
			"to": [ 15, 1, 15 ],
			"faces": {
				"down": { "uv": [ 1, 13, 15, 15 ], "texture": "#0" },
				"up": { "uv": [ 1, 13, 15, 15 ], "texture": "#0" },
				"north": { "uv": [ 1, 12, 15, 13 ], "texture": "#0" },
				"south": { "uv": [ 1, 16, 15, 15 ], "texture": "#0" },
				"west": { "uv": [ 0, 13, 1, 15 ], "texture": "#0", "rotation": 90 },
				"east": { "uv": [ 15, 13, 16, 15 ], "texture": "#0", "rotation": 270 }
			}
		},
		{
			"from": [ 2, 1, 0 ],
			"to": [ 3, 2, 16 ],
			"faces": {
				"down": { "uv": [ 0, 15, 1, 16 ], "texture": "#0" },
				"up": { "uv": [ 0, 16, 1, 15 ], "texture": "#0" },
				"north": { "uv": [ 0, 15, 1, 16 ], "texture": "#0" },
				"south": { "uv": [ 0, 15, 1, 16 ], "texture": "#0" },
				"west": { "uv": [ 0, 15, 1, 16 ], "texture": "#0" },
				"east": { "uv": [ 0, 15, 1, 16 ], "texture": "#0" }
			}
		},
		{
			"from": [ 13, 1, 0 ],
			"to": [ 14, 2, 16 ],
			"faces": {
				"down": { "uv": [ 0, 15, 1, 16 ], "texture": "#0" },
				"up": { "uv": [ 0, 16, 1, 15 ], "texture": "#0" },
				"north": { "uv": [ 0, 15, 1, 16 ], "texture": "#0" },
				"south": { "uv": [ 0, 15, 1, 16 ], "texture": "#0" },
				"west": { "uv": [ 0, 15, 1, 16 ], "texture": "#0" },
				"east": { "uv": [ 0, 15, 1, 16 ], "texture": "#0" }
			}
		},
        {
            "name": "Redstone",
            "from": [ 7.0, 0.10000000149011612, 3.0 ], 
            "to": [ 9.0, 0.5, 13.0 ], 
            "faces": {
                "east": { "texture": "#1", "uv": [ 7.0, 6.0, 7.5, 16.0 ], "rotation": 270 },
                "west": { "texture": "#1", "uv": [ 4.5, 6.0, 4.999999999999999, 16.0 ], "rotation": 90 },
                "up": { "texture": "#1", "uv": [ 5.0, 6.0, 7.0, 16.0 ] },
                "down": { "texture": "#1", "uv": [ 5.0, 6.0, 7.0, 16.0 ] }
            }
        }
	]
}