{
    "ambientocclusion": false,
	"textures": {
        "particle": "blocks/planks_birch",
        "0": "blocks/door_birch"
    },
    "elements": [
        {
            "name": "Left",
            "from": [ 0.0, 0.0, 13.0 ], 
            "to": [ 3.0, 16.0, 16.0 ], 
            "faces": {
                "north": { "texture": "#0", "uv": [ 8.0, 0.0, 6.500000000000002, 8.0 ] },
                "east": { "texture": "#0", "uv": [ 7.999999999999998, 0.0, 9.499999999999998, 8.0 ] },
                "south": { "texture": "#0", "uv": [ 5.0, 0.0, 6.5, 8.0 ] },
                "west": { "texture": "#0", "uv": [ 14.500000000000002, 0.0, 16.0, 8.0 ] },
                "up": { "texture": "#0", "uv": [ 5.0, 14.5, 3.5, 16.0 ] }
            }
        },
        {
            "name": "Top",
            "from": [ 0.0, 13.0, 0.0 ], 
            "to": [ 3.0, 16.0, 16.0 ], 
            "faces": {
                "east": { "texture": "#0", "uv": [ 8.0, 0.0, 16.0, 1.4999999999999996 ] },
                "west": { "texture": "#0", "uv": [ 8.0, 0.0, 16.0, 1.500000000000004 ] },
                "up": { "texture": "#0", "uv": [ 3.4999999999999996, 8.0, 5.0, 16.0 ] },
                "down": { "texture": "#0", "uv": [ 3.499999999999999, 8.0, 5.0, 16.0 ] }
            }
        },
        {
            "name": "Right",
            "from": [ 0.0, 0.0, 0.0 ], 
            "to": [ 3.0, 16.0, 3.0 ], 
            "faces": {
                "north": { "texture": "#0", "uv": [ 6.499999999999998, 0.0, 5.0, 8.0 ] },
                "east": { "texture": "#0", "uv": [ 14.499999999999996, 0.0, 15.999999999999998, 8.0 ] },
                "south": { "texture": "#0", "uv": [ 6.499999999999998, 0.0, 7.999999999999998, 8.0 ] },
                "west": { "texture": "#0", "uv": [ 8.000000000000004, 0.0, 9.500000000000002, 8.0 ] },
                "up": { "texture": "#0", "uv": [ 5.0, 8.000000000000002, 3.5, 9.500000000000002 ] }
            }
        },
        {
            "name": "Paper",
            "from": [ 1.5, 0.0, 3.0 ], 
            "to": [ 1.5, 13.0, 13.0 ], 
            "faces": {
                "north": { "texture": "#-1", "uv": [ 0.0, 0.0, 0.0, 13.0 ] },
                "east": { "texture": "#0", "uv": [ 9.499999999999998, 1.4999999999999996, 14.500000000000002, 8.0 ] },
                "south": { "texture": "#-1", "uv": [ 0.0, 0.0, 0.0, 13.0 ] },
                "west": { "texture": "#0", "uv": [ 9.499999999999998, 1.5000000000000004, 14.499999999999998, 8.0 ] },
                "up": { "texture": "#-1", "uv": [ 0.0, 0.0, 0.0, 10.0 ] },
                "down": { "texture": "#-1", "uv": [ 0.0, 0.0, 0.0, 10.0 ] }
            }
        },
        {
            "name": "Handle",
            "from": [ 3.0, 0.0, 1.0 ], 
            "to": [ 4.0, 2.0, 2.0 ], 
            "faces": {
                "north": { "texture": "#0", "uv": [ 0.0, 0.0, 0.5000000000000001, 1.0 ] },
                "east": { "texture": "#0", "uv": [ 0.0, 0.0, 0.5000000000000001, 1.0 ] },
                "south": { "texture": "#0", "uv": [ 0.0, 0.0, 0.5000000000000001, 1.0 ] },
                "west": { "texture": "#0", "uv": [ 0.0, 0.0, 0.5, 1.0 ] },
                "up": { "texture": "#0", "uv": [ 0.5, 0.0, 1.0, 0.5 ] },
                "down": { "texture": "#0", "uv": [ 0.5, 0.5, 1.0, 1.0 ] }
            }
        },
        {
            "name": "Handle2",
            "from": [ -1.0, 0.0, 1.0 ], 
            "to": [ 0.0, 2.0, 2.0 ], 
            "faces": {
                "north": { "texture": "#0", "uv": [ 0.0, 0.0, 0.5000000000000001, 1.0 ] },
                "east": { "texture": "#0", "uv": [ 0.0, 0.0, 0.5000000000000001, 1.0 ] },
                "south": { "texture": "#0", "uv": [ 0.0, 0.0, 0.5000000000000001, 1.0 ] },
                "west": { "texture": "#0", "uv": [ 0.0, 0.0, 0.5, 1.0 ] },
                "up": { "texture": "#0", "uv": [ 0.5, 0.0, 1.0, 0.5 ] },
                "down": { "texture": "#0", "uv": [ 0.5, 0.5, 1.0, 1.0 ] }
            }
        }
    ]
}