{
    "__comment": "Model generated using MrCrayfish's Model Creator (http://mrcrayfish.com/modelcreator/)",
    "textures": {
        "particle": "blocks/cake_side",
        "0": "blocks/cake_side",
        "1": "blocks/cake_inner",
        "2": "blocks/cake_top",
        "3": "blocks/cake_bottom",
        "4": "blocks/cake_extra"
    },
    "elements": [
        {
            "name": "Base",
            "from": [ 1.0, 0.0, 1.0 ], 
            "to": [ 13.0, 8.0, 15.0 ], 
            "faces": {
                "north": { "texture": "#0", "uv": [ 1.0, 8.0, 13.0, 16.0 ] },
                "east": { "texture": "#1", "uv": [ 1.0, 8.0, 15.0, 16.0 ] },
                "south": { "texture": "#0", "uv": [ 1.0, 8.0, 13.0, 16.0 ] },
                "west": { "texture": "#0", "uv": [ 1.0, 8.0, 15.0, 16.0 ] },
                "up": { "texture": "#2", "uv": [ 1.0, 1.0, 13.0, 15.0 ] },
                "down": { "texture": "#3", "uv": [ 1.0, 1.0, 13.0, 15.0 ], "cullface": "down" }
            }
        },
        {
            "name": "Cream1",
            "from": [ 5.2, 8.0, 2.8 ], 
            "to": [ 6.800000000000001, 8.2, 4.4 ], 
            "faces": {
                "north": { "texture": "#4", "uv": [ 4.0, 13.6, 5.2, 13.7 ] },
                "east": { "texture": "#4", "uv": [ 4.0, 13.6, 5.2, 13.7 ] },
                "south": { "texture": "#4", "uv": [ 4.0, 13.6, 5.2, 13.7 ] },
                "west": { "texture": "#4", "uv": [ 4.0, 13.6, 5.2, 13.7 ] },
                "up": { "texture": "#4", "uv": [ 4.0, 15.0, 5.0, 14.0 ] },
                "down": { "texture": "#-1", "uv": [ 0.0, 0.0, 1.2, 1.2 ] }
            }
        },
        {
            "name": "Cherry1",
            "from": [ 5.5, 8.2, 3.1 ], 
            "to": [ 6.5, 8.7, 4.1 ], 
            "faces": {
                "north": { "texture": "#4", "uv": [ 3.0, 15.0, 3.5999999999999996, 14.5 ] },
                "east": { "texture": "#4", "uv": [ 3.0, 15.0, 3.5999999999999996, 14.5 ] },
                "south": { "texture": "#4", "uv": [ 3.0, 15.0, 3.6, 14.5 ] },
                "west": { "texture": "#4", "uv": [ 3.0, 15.0, 3.5999999999999996, 14.5 ] },
                "up": { "texture": "#4", "uv": [ 3.0, 13.8, 3.5999999999999996, 14.3 ] },
                "down": { "texture": "#-1", "uv": [ 0.0, 0.0, 0.6, 0.6 ] }
            }
        },
        {
            "name": "Candle",
            "from": [ 7.8, 8.0, 7.8 ], 
            "to": [ 8.2, 11.5, 8.2 ], 
            "faces": {
                "north": { "texture": "#3", "uv": [ 1.0, 11.5, 1.4, 15.0 ] },
                "east": { "texture": "#3", "uv": [ 1.0, 11.5, 1.4, 15.0 ] },
                "south": { "texture": "#3", "uv": [ 1.0, 11.5, 1.4, 15.0 ] },
                "west": { "texture": "#3", "uv": [ 1.0, 11.5, 1.4, 15.0 ] },
                "up": { "texture": "#3", "uv": [ 1.0, 11.5, 1.4, 15.0 ] },
                "down": { "texture": "#-1", "uv": [ 0.0, 0.0, 0.4, 0.4 ] }
            }
        },
        {
            "name": "Cream2",
            "from": [ 9.2, 8.0, 2.8 ], 
            "to": [ 10.799999999999999, 8.2, 4.4 ], 
            "faces": {
                "north": { "texture": "#4", "uv": [ 4.0, 13.6, 5.2, 13.7 ] },
                "east": { "texture": "#4", "uv": [ 4.0, 13.6, 5.2, 13.7 ] },
                "south": { "texture": "#4", "uv": [ 4.0, 13.6, 5.2, 13.7 ] },
                "west": { "texture": "#4", "uv": [ 4.0, 13.6, 5.2, 13.7 ] },
                "up": { "texture": "#4", "uv": [ 4.0, 15.0, 5.0, 14.0 ] },
                "down": { "texture": "#-1", "uv": [ 0.0, 0.0, 1.2, 1.2 ] }
            }
        },
        {
            "name": "Cherry2",
            "from": [ 9.5, 8.2, 3.1 ], 
            "to": [ 10.5, 8.7, 4.1 ], 
            "faces": {
                "north": { "texture": "#4", "uv": [ 3.0, 15.0, 3.5999999999999996, 14.5 ] },
                "east": { "texture": "#4", "uv": [ 3.0, 15.0, 3.5999999999999996, 14.5 ] },
                "south": { "texture": "#4", "uv": [ 3.0, 15.0, 3.6, 14.5 ] },
                "west": { "texture": "#4", "uv": [ 3.0, 15.0, 3.5999999999999996, 14.5 ] },
                "up": { "texture": "#4", "uv": [ 3.0, 13.8, 3.5999999999999996, 14.3 ] },
                "down": { "texture": "#-1", "uv": [ 0.0, 0.0, 0.6, 0.6 ] }
            }
        },
        {
            "name": "Cream5",
            "from": [ 9.2, 8.0, 11.6 ], 
            "to": [ 10.799999999999999, 8.2, 13.2 ], 
            "faces": {
                "north": { "texture": "#4", "uv": [ 4.0, 13.6, 5.2, 13.7 ] },
                "east": { "texture": "#4", "uv": [ 4.0, 13.6, 5.2, 13.7 ] },
                "south": { "texture": "#4", "uv": [ 4.0, 13.6, 5.2, 13.7 ] },
                "west": { "texture": "#4", "uv": [ 4.0, 13.6, 5.2, 13.7 ] },
                "up": { "texture": "#4", "uv": [ 4.0, 15.0, 5.0, 14.0 ] },
                "down": { "texture": "#-1", "uv": [ 0.0, 0.0, 1.2, 1.2 ] }
            }
        },
        {
            "name": "Cherry5",
            "from": [ 9.5, 8.2, 11.9 ], 
            "to": [ 10.5, 8.7, 12.9 ], 
            "faces": {
                "north": { "texture": "#4", "uv": [ 3.0, 15.0, 3.5999999999999996, 14.5 ] },
                "east": { "texture": "#4", "uv": [ 3.0, 15.0, 3.5999999999999996, 14.5 ] },
                "south": { "texture": "#4", "uv": [ 3.0, 15.0, 3.6, 14.5 ] },
                "west": { "texture": "#4", "uv": [ 3.0, 15.0, 3.5999999999999996, 14.5 ] },
                "up": { "texture": "#4", "uv": [ 3.0, 13.8, 3.5999999999999996, 14.3 ] },
                "down": { "texture": "#-1", "uv": [ 0.0, 0.0, 0.6, 0.6 ] }
            }
        },
        {
            "name": "Cream6",
            "from": [ 5.2, 8.0, 11.6 ], 
            "to": [ 6.800000000000001, 8.2, 13.2 ], 
            "faces": {
                "north": { "texture": "#4", "uv": [ 4.0, 13.6, 5.2, 13.7 ] },
                "east": { "texture": "#4", "uv": [ 4.0, 13.6, 5.2, 13.7 ] },
                "south": { "texture": "#4", "uv": [ 4.0, 13.6, 5.2, 13.7 ] },
                "west": { "texture": "#4", "uv": [ 4.0, 13.6, 5.2, 13.7 ] },
                "up": { "texture": "#4", "uv": [ 4.0, 15.0, 5.0, 14.0 ] },
                "down": { "texture": "#-1", "uv": [ 0.0, 0.0, 1.2, 1.2 ] }
            }
        },
        {
            "name": "Cherry6",
            "from": [ 5.5, 8.2, 11.9 ], 
            "to": [ 6.5, 8.7, 12.9 ], 
            "faces": {
                "north": { "texture": "#4", "uv": [ 3.0, 15.0, 3.5999999999999996, 14.5 ] },
                "east": { "texture": "#4", "uv": [ 3.0, 15.0, 3.5999999999999996, 14.5 ] },
                "south": { "texture": "#4", "uv": [ 3.0, 15.0, 3.6, 14.5 ] },
                "west": { "texture": "#4", "uv": [ 3.0, 15.0, 3.5999999999999996, 14.5 ] },
                "up": { "texture": "#4", "uv": [ 3.0, 13.8, 3.5999999999999996, 14.3 ] },
                "down": { "texture": "#-1", "uv": [ 0.0, 0.0, 0.6, 0.6 ] }
            }
        },
        {
            "name": "Cream7",
            "from": [ 2.9, 8.0, 9.2 ], 
            "to": [ 4.5, 8.2, 10.799999999999999 ], 
            "faces": {
                "north": { "texture": "#4", "uv": [ 4.0, 13.6, 5.2, 13.7 ] },
                "east": { "texture": "#4", "uv": [ 4.0, 13.6, 5.2, 13.7 ] },
                "south": { "texture": "#4", "uv": [ 4.0, 13.6, 5.2, 13.7 ] },
                "west": { "texture": "#4", "uv": [ 4.0, 13.6, 5.2, 13.7 ] },
                "up": { "texture": "#4", "uv": [ 4.0, 15.0, 5.0, 14.0 ] },
                "down": { "texture": "#-1", "uv": [ 0.0, 0.0, 1.2, 1.2 ] }
            }
        },
        {
            "name": "Cherry7",
            "from": [ 3.2, 8.2, 9.5 ], 
            "to": [ 4.2, 8.7, 10.5 ], 
            "faces": {
                "north": { "texture": "#4", "uv": [ 3.0, 15.0, 3.5999999999999996, 14.5 ] },
                "east": { "texture": "#4", "uv": [ 3.0, 15.0, 3.5999999999999996, 14.5 ] },
                "south": { "texture": "#4", "uv": [ 3.0, 15.0, 3.6, 14.5 ] },
                "west": { "texture": "#4", "uv": [ 3.0, 15.0, 3.5999999999999996, 14.5 ] },
                "up": { "texture": "#4", "uv": [ 3.0, 13.8, 3.5999999999999996, 14.3 ] },
                "down": { "texture": "#-1", "uv": [ 0.0, 0.0, 0.6, 0.6 ] }
            }
        },
        {
            "name": "Cream8",
            "from": [ 2.9, 8.0, 5.2 ], 
            "to": [ 4.5, 8.2, 6.800000000000001 ], 
            "faces": {
                "north": { "texture": "#4", "uv": [ 4.0, 13.6, 5.2, 13.7 ] },
                "east": { "texture": "#4", "uv": [ 4.0, 13.6, 5.2, 13.7 ] },
                "south": { "texture": "#4", "uv": [ 4.0, 13.6, 5.2, 13.7 ] },
                "west": { "texture": "#4", "uv": [ 4.0, 13.6, 5.2, 13.7 ] },
                "up": { "texture": "#4", "uv": [ 4.0, 15.0, 5.0, 14.0 ] },
                "down": { "texture": "#-1", "uv": [ 0.0, 0.0, 1.2, 1.2 ] }
            }
        },
        {
            "name": "Cherry8",
            "from": [ 3.2, 8.2, 5.5 ], 
            "to": [ 4.2, 8.7, 6.5 ], 
            "faces": {
                "north": { "texture": "#4", "uv": [ 3.0, 15.0, 3.5999999999999996, 14.5 ] },
                "east": { "texture": "#4", "uv": [ 3.0, 15.0, 3.5999999999999996, 14.5 ] },
                "south": { "texture": "#4", "uv": [ 3.0, 15.0, 3.6, 14.5 ] },
                "west": { "texture": "#4", "uv": [ 3.0, 15.0, 3.5999999999999996, 14.5 ] },
                "up": { "texture": "#4", "uv": [ 3.0, 13.8, 3.5999999999999996, 14.3 ] },
                "down": { "texture": "#-1", "uv": [ 0.0, 0.0, 0.6, 0.6 ] }
            }
        }
    ]
}