{
	"__comment": "Designed by Keitsu with Cubik Studio - https://cubik.studio",
	"ambientocclusion": false,
	"textures": {
		"particle": "blocks/rail_detector",
		"0": "blocks/rail_normal1",
		"1": "blocks/rail_extra"
	},
	"elements": [
		{
			"from": [ 1, 0, 1 ],
			"to": [ 15, 1, 3 ],
			"faces": {
				"down": { "uv": [ 1, 1, 15, 3 ], "texture": "#0" },
				"up": { "uv": [ 1, 1, 15, 3 ], "texture": "#0" },
				"north": { "uv": [ 1, 0, 15, 1 ], "texture": "#0" },
				"south": { "uv": [ 1, 4, 15, 3 ], "texture": "#0" },
				"west": { "uv": [ 0, 1, 1, 3 ], "texture": "#0", "rotation": 90 },
				"east": { "uv": [ 15, 1, 16, 3 ], "texture": "#0", "rotation": 270 }
			}
		},
		{
			"from": [ 1, 0, 5 ],
			"to": [ 15, 1, 7 ],
			"faces": {
				"down": { "uv": [ 1, 5, 15, 7 ], "texture": "#0" },
				"up": { "uv": [ 1, 5, 15, 7 ], "texture": "#0" },
				"north": { "uv": [ 1, 4, 15, 5 ], "texture": "#0" },
				"south": { "uv": [ 1, 8, 15, 7 ], "texture": "#0" },
				"west": { "uv": [ 0, 5, 1, 7 ], "texture": "#0", "rotation": 90 },
				"east": { "uv": [ 15, 5, 16, 7 ], "texture": "#0", "rotation": 270 }
			}
		},
		{
			"from": [ 1, 0, 9 ],
			"to": [ 15, 1, 11 ],
			"faces": {
				"down": { "uv": [ 1, 9, 15, 11 ], "texture": "#0" },
				"up": { "uv": [ 1, 9, 15, 11 ], "texture": "#0" },
				"north": { "uv": [ 1, 8, 15, 9 ], "texture": "#0" },
				"south": { "uv": [ 1, 12, 15, 11 ], "texture": "#0" },
				"west": { "uv": [ 0, 9, 1, 11 ], "texture": "#0", "rotation": 90 },
				"east": { "uv": [ 15, 9, 16, 11 ], "texture": "#0", "rotation": 270 }
			}
		},
		{
			"from": [ 1, 0, 13 ],
			"to": [ 15, 1, 15 ],
			"faces": {
				"down": { "uv": [ 1, 13, 15, 15 ], "texture": "#0" },
				"up": { "uv": [ 1, 13, 15, 15 ], "texture": "#0" },
				"north": { "uv": [ 1, 12, 15, 13 ], "texture": "#0" },
				"south": { "uv": [ 1, 16, 15, 15 ], "texture": "#0" },
				"west": { "uv": [ 0, 13, 1, 15 ], "texture": "#0", "rotation": 90 },
				"east": { "uv": [ 15, 13, 16, 15 ], "texture": "#0", "rotation": 270 }
			}
		},
		{
			"from": [ 2, 1, 0 ],
			"to": [ 3, 2, 16 ],
			"faces": {
				"down": { "uv": [ 0, 15, 1, 16 ], "texture": "#0" },
				"up": { "uv": [ 0, 16, 1, 15 ], "texture": "#0" },
				"north": { "uv": [ 0, 15, 1, 16 ], "texture": "#0" },
				"south": { "uv": [ 0, 15, 1, 16 ], "texture": "#0" },
				"west": { "uv": [ 0, 15, 1, 16 ], "texture": "#0" },
				"east": { "uv": [ 0, 15, 1, 16 ], "texture": "#0" }
			}
		},
		{
			"from": [ 13, 1, 0 ],
			"to": [ 14, 2, 16 ],
			"faces": {
				"down": { "uv": [ 0, 15, 1, 16 ], "texture": "#0" },
				"up": { "uv": [ 0, 16, 1, 15 ], "texture": "#0" },
				"north": { "uv": [ 0, 15, 1, 16 ], "texture": "#0" },
				"south": { "uv": [ 0, 15, 1, 16 ], "texture": "#0" },
				"west": { "uv": [ 0, 15, 1, 16 ], "texture": "#0" },
				"east": { "uv": [ 0, 15, 1, 16 ], "texture": "#0" }
			}
		},
		{
			"from": [ 5, -0.1091, 4.9 ],
			"to": [ 11, 1.0909, 11.1 ],
			"faces": {
				"down": { "uv": [ 9, 9, 15, 15 ], "texture": "#1" },
				"up": { "uv": [ 9, 9, 15, 15 ], "texture": "#1" },
				"north": { "uv": [ 9, 8, 15, 9 ], "texture": "#1" },
				"south": { "uv": [ 9, 15, 15, 16 ], "texture": "#1" },
				"west": { "uv": [ 8, 9, 9, 15 ], "texture": "#1", "rotation": 90 },
				"east": { "uv": [ 15, 9, 16, 15 ], "texture": "#1", "rotation": 270 }
			}
		},
		{
			"from": [ 6, 0.5, 6 ],
			"to": [ 10, 1.5, 10 ],
			"faces": {
				"up": { "uv": [ 1, 1, 5, 5 ], "texture": "#1" },
				"north": { "uv": [ 1, 0, 5, 1 ], "texture": "#1" },
				"south": { "uv": [ 1, 5, 5, 6 ], "texture": "#1" },
				"west": { "uv": [ 0, 1, 1, 5 ], "texture": "#1", "rotation": 90 },
				"east": { "uv": [ 5, 1, 6, 5 ], "texture": "#1", "rotation": 270 }
			}
		}
	]
}