{
	"credit": "Made with Blockbench",
	"parent": "block/block",
	"textures": {
		"0": "block/dropper_front_vertical",
		"1": "block/furnace_side",
		"particle": "block/dropper_front_vertical"
	},
	"elements": [
		{
			"from": [0, 0, 0],
			"to": [16, 14, 16],
			"faces": {
				"north": {"uv": [0, 2, 16, 16], "texture": "#1", "cullface": "north"},
				"east": {"uv": [0, 2, 16, 16], "texture": "#1", "cullface": "east"},
				"south": {"uv": [0, 2, 16, 16], "texture": "#1", "cullface": "south"},
				"west": {"uv": [0, 2, 16, 16], "texture": "#1", "cullface": "west"},
				"up": {"uv": [0, 0, 16, 16], "texture": "#0", "cullface": "up"},
				"down": {"uv": [0, 0, 16, 16], "texture": "#1", "cullface": "down"}
			}
		},
		{
			"from": [0, 14, 0],
			"to": [16, 16, 6],
			"faces": {
				"north": {"uv": [0, 0, 16, 2], "texture": "#1", "cullface": "north"},
				"east": {"uv": [10, 0, 16, 2], "texture": "#1", "cullface": "east"},
				"south": {"uv": [0, 4, 16, 6], "texture": "#0"},
				"west": {"uv": [0, 0, 6, 2], "texture": "#1", "cullface": "west"},
				"up": {"uv": [0, 0, 16, 6], "texture": "#0", "cullface": "up"}
			}
		},
		{
			"from": [0, 14, 10],
			"to": [16, 16, 16],
			"faces": {
				"north": {"uv": [0, 10, 16, 12], "texture": "#0"},
				"east": {"uv": [0, 0, 6, 2], "texture": "#1", "cullface": "east"},
				"south": {"uv": [0, 0, 16, 2], "texture": "#1", "cullface": "south"},
				"west": {"uv": [10, 0, 16, 2], "texture": "#1", "cullface": "west"},
				"up": {"uv": [0, 10, 16, 16], "texture": "#0", "cullface": "up"}
			}
		},
		{
			"from": [0, 14, 6],
			"to": [5, 16, 10],
			"faces": {
				"east": {"uv": [6, 4, 10, 6], "texture": "#0"},
				"west": {"uv": [6, 0, 10, 2], "texture": "#1", "cullface": "west"},
				"up": {"uv": [0, 6, 5, 10], "texture": "#0", "cullface": "up"}
			}
		},
		{
			"from": [11, 14, 6],
			"to": [16, 16, 10],
			"faces": {
				"east": {"uv": [6, 0, 10, 2], "texture": "#0", "cullface": "east"},
				"west": {"uv": [6, 10, 10, 12], "texture": "#0"},
				"up": {"uv": [11, 6, 16, 10], "texture": "#0", "cullface": "up"}
			}
		}
	]
}