{
    "__comment": "Model generated using MrCrayfish's Model Creator (http://mrcrayfish.com/modelcreator/)",
"ambientocclusion": false,
    "parent": "block/block",
    "textures": {
        "particle": "blocks/hopper_bottom",
        "0": "blocks/hopper_top",
        "1": "blocks/hopper_bottom",
        "2": "blocks/hopper_outside"
    },
    "elements": [
        {
            "name": "Hole",
            "from": [ 0.0, 10.0, 0.0 ], 
            "to": [ 16.0, 11.0, 16.0 ], 
            "faces": {
                "up": { "texture": "#0", "uv": [ 0.0, 0.0, 16.0, 16.0 ] },
                "down": { "texture": "#1", "uv": [ 0.0, 0.0, 16.0, 16.0 ] }
            }
        },
        {
            "name": "West Wall",
            "from": [ 0.0, 10.0, 0.0 ], 
            "to": [ 2.0, 16.0, 16.0 ], 
            "faces": {
                "east": { "texture": "#2", "uv": [ 0.0, 0.0, 16.0, 6.0 ] },
                "west": { "texture": "#2", "uv": [ 0.0, 0.0, 16.0, 6.0 ] },
                "up": { "texture": "#0", "uv": [ 0.0, 0.0, 2.0, 16.0 ] }
            }
        },
        {
            "name": "East Wall",
            "from": [ 14.0, 10.0, 0.0 ], 
            "to": [ 16.0, 16.0, 16.0 ], 
            "faces": {
                "east": { "texture": "#2", "uv": [ 0.0, 0.0, 16.0, 6.0 ] },
                "west": { "texture": "#2", "uv": [ 0.0, 0.0, 16.0, 6.0 ] },
                "up": { "texture": "#0", "uv": [ 14.0, 0.0, 16.0, 16.0 ] }
            }
        },
        {
            "name": "North Wall",
            "from": [ 0.0, 10.0, 0.0 ], 
            "to": [ 16.0, 16.0, 2.0 ], 
            "faces": {
                "north": { "texture": "#2", "uv": [ 0.0, 0.0, 16.0, 6.0 ] },
                "south": { "texture": "#2", "uv": [ 0.0, 0.0, 16.0, 6.0 ] },
                "up": { "texture": "#0", "uv": [ 0.0, 0.0, 16.0, 2.0 ] }
            }
        },
        {
            "name": "South Wall",
            "from": [ 0.0, 10.0, 14.0 ], 
            "to": [ 16.0, 16.0, 16.0 ], 
            "faces": {
                "north": { "texture": "#2", "uv": [ 0.0, 0.0, 16.0, 6.0 ] },
                "south": { "texture": "#2", "uv": [ 0.0, 0.0, 16.0, 6.0 ] },
                "up": { "texture": "#0", "uv": [ 0.0, 14.0, 16.0, 16.0 ] }
            }
        },
        {
            "name": "Middle Segment",
            "from": [ 4.0, 4.0, 4.0 ], 
            "to": [ 12.0, 10.0, 12.0 ], 
            "faces": {
                "north": { "texture": "#2", "uv": [ 4.0, 6.0, 12.0, 12.0 ] },
                "east": { "texture": "#2", "uv": [ 4.0, 6.0, 12.0, 12.0 ] },
                "south": { "texture": "#2", "uv": [ 4.0, 6.0, 12.0, 12.0 ] },
                "west": { "texture": "#2", "uv": [ 4.0, 6.0, 12.0, 12.0 ] },
                "down": { "texture": "#1", "uv": [ 4.0, 4.0, 12.0, 12.0 ] }
            }
        },
        {
            "name": "Lower Segment",
            "from": [ 6.0, 0.0, 6.0 ], 
            "to": [ 10.0, 4.0, 10.0 ], 
            "faces": {
                "north": { "texture": "#2", "uv": [ 6.0, 12.0, 10.0, 16.0 ] },
                "east": { "texture": "#2", "uv": [ 6.0, 12.0, 10.0, 16.0 ] },
                "south": { "texture": "#2", "uv": [ 6.0, 12.0, 10.0, 16.0 ] },
                "west": { "texture": "#2", "uv": [ 6.0, 12.0, 10.0, 16.0 ] },
                "down": { "texture": "#1", "uv": [ 6.0, 6.0, 10.0, 10.0 ] }
            }
        }
    ]
}