{
	"ambientocclusion": false,
	"textures": {
		"particle": "blocks/iron_block",
		"0": "blocks/door_iron"
	},
	"elements": [
		{
			"from": [ 0, 0, 0 ],
			"to": [ 3, 4, 16 ],
			"faces": {
				"down": { "uv": [ 3.5, 8, 5, 16 ], "texture": "#0" },
				"up": { "uv": [ 5, 8, 3.5, 16 ], "texture": "#0" },
				"north": { "uv": [ 8, 5, 6.5, 8 ], "texture": "#0" },
				"south": { "uv": [ 5, 4, 6.5, 7 ], "texture": "#0" },
				"west": { "uv": [ 8, 6, 16, 8 ], "texture": "#0" },
				"east": { "uv": [ 16, 6, 8, 8 ], "texture": "#0" }
			}
		},
		{
			"from": [ 0, 4, 14 ],
			"to": [ 3, 16, 16 ],
			"faces": {
				"up": { "uv": [ 3.5, 14, 5, 16 ], "texture": "#0" },
				"north": { "uv": [ 6.5, 0, 8, 6 ], "texture": "#0" },
				"south": { "uv": [ 6.5, 0, 8, 6 ], "texture": "#0" },
				"west": { "uv": [ 15, 0, 16, 6 ], "texture": "#0" },
				"east": { "uv": [ 8, 0, 9, 6 ], "texture": "#0" }
			}
		},
		{
			"from": [ 0, 4, 0 ],
			"to": [ 3, 16, 2 ],
			"faces": {
				"up": { "uv": [ 3.5, 8, 5, 10 ], "texture": "#0" },
				"north": { "uv": [ 6.5, 0, 8, 7 ], "texture": "#0" },
				"south": { "uv": [ 5, 0, 6.5, 6 ], "texture": "#0" },
				"west": { "uv": [ 8, 0, 9, 6 ], "texture": "#0" },
				"east": { "uv": [ 15, 0, 16, 6 ], "texture": "#0" }
			}
		},
		{
			"from": [ 0, 14, 0 ],
			"to": [ 3, 16, 16 ],
			"faces": {
				"down": { "uv": [ 3.5, 8, 5, 16 ], "texture": "#0" },
				"up": { "uv": [ 3.5, 8, 5, 16 ], "texture": "#0" },
				"north": { "uv": [ 6.5, 0, 8, 2 ], "texture": "#0" },
				"south": { "uv": [ 5, 0, 6.5, 2 ], "texture": "#0" },
				"west": { "uv": [ 8, 0, 16, 1 ], "texture": "#0" },
				"east": { "uv": [ 8, 0, 16, 1 ], "texture": "#0" }
			}
		},
		{
			"from": [ 0, 4, 7 ],
			"to": [ 3, 14, 9 ],
			"faces": {
				"north": { "uv": [ 6.5, 1, 8, 6 ], "texture": "#0" },
				"south": { "uv": [ 6.5, 1, 8, 6 ], "texture": "#0" },
				"west": { "uv": [ 11.5, 1, 12.5, 6 ], "texture": "#0" },
				"east": { "uv": [ 11.5, 1, 12.5, 6 ], "texture": "#0" }
			}
		},
		{
			"from": [ 0, 8, 2 ],
			"to": [ 3, 10, 14 ],
			"faces": {
				"down": { "uv": [ 3.5, 9, 5, 15 ], "texture": "#0" },
				"up": { "uv": [ 3.5, 9, 5, 15 ], "texture": "#0" },
				"west": { "uv": [ 9, 3, 15, 4 ], "texture": "#0" },
				"east": { "uv": [ 9, 3, 15, 4 ], "texture": "#0" }
			}
		}
	]
}