{
    "__comment": "Model generated using MrCrayfish's Model Creator (http://mrcrayfish.com/modelcreator/)",
    "textures": {
        "particle": "blocks/ladder1",
        "0": "blocks/ladder1"
    },
    "elements": [
        {
            "name": "Lvert",
            "from": [ 1.5, 0.0, 14.0 ], 
            "to": [ 3.5, 16.0, 16.0 ], 
            "faces": {
                "north": { "texture": "#0", "uv": [ 2.0, 0.0, 4.0, 16.0 ] },
                "east": { "texture": "#0", "uv": [ 4.0, 0.0, 6.0, 16.0 ] },
                "south": { "texture": "#0", "uv": [ 0.0, 0.0, 2.0, 16.0 ] },
                "west": { "texture": "#0", "uv": [ 6.0, 0.0, 4.0, 16.0 ] },
                "up": { "texture": "#0", "uv": [ 8.0, 0.0, 6.0, 2.0 ] },
                "down": { "texture": "#0", "uv": [ 6.0, 0.0, 8.0, 2.0 ] }
            }
        },
        {
            "name": "R1",
            "from": [ 0.5, 1.0, 14.5 ], 
            "to": [ 15.5, 3.0, 15.5 ], 
            "faces": {
                "north": { "texture": "#0", "uv": [ 9.0, 1.0, 11.0, 16.0 ], "rotation": 270 },
                "east": { "texture": "#0", "uv": [ 9.0, 0.0, 11.0, 1.0 ], "rotation": 270 },
                "south": { "texture": "#0", "uv": [ 9.0, 1.0, 11.0, 16.0 ], "rotation": 270 },
                "west": { "texture": "#0", "uv": [ 9.0, 1.0, 11.0, 0.0 ], "rotation": 270 },
                "up": { "texture": "#0", "uv": [ 11.0, 1.0, 12.0, 16.0 ], "rotation": 270 },
                "down": { "texture": "#0", "uv": [ 9.0, 1.0, 8.0, 16.0 ], "rotation": 270 }
            }
        },
        {
            "name": "Rvert",
            "from": [ 12.5, 0.0, 14.0 ], 
            "to": [ 14.5, 16.0, 16.0 ], 
            "faces": {
                "north": { "texture": "#0", "uv": [ 0.0, 0.0, 2.0, 16.0 ] },
                "east": { "texture": "#0", "uv": [ 4.0, 0.0, 6.0, 16.0 ] },
                "south": { "texture": "#0", "uv": [ 2.0, 0.0, 4.0, 16.0 ] },
                "west": { "texture": "#0", "uv": [ 6.0, 0.0, 4.0, 16.0 ] },
                "up": { "texture": "#0", "uv": [ 8.0, 2.0, 6.0, 0.0 ] },
                "down": { "texture": "#0", "uv": [ 6.0, 0.0, 8.0, 2.0 ] }
            }
        },
        {
            "name": "R2",
            "from": [ 0.5, 5.0, 14.5 ], 
            "to": [ 15.5, 7.0, 15.5 ], 
            "faces": {
                "north": { "texture": "#0", "uv": [ 9.0, 1.0, 11.0, 16.0 ], "rotation": 270 },
                "east": { "texture": "#0", "uv": [ 9.0, 0.0, 11.0, 1.0 ], "rotation": 270 },
                "south": { "texture": "#0", "uv": [ 9.0, 1.0, 11.0, 16.0 ], "rotation": 270 },
                "west": { "texture": "#0", "uv": [ 9.0, 1.0, 11.0, 0.0 ], "rotation": 270 },
                "up": { "texture": "#0", "uv": [ 11.0, 1.0, 12.0, 16.0 ], "rotation": 270 },
                "down": { "texture": "#0", "uv": [ 9.0, 1.0, 8.0, 16.0 ], "rotation": 270 }
            }
        },
        {
            "name": "R3",
            "from": [ 0.5, 9.0, 14.5 ], 
            "to": [ 15.5, 11.0, 15.5 ], 
            "faces": {
                "north": { "texture": "#0", "uv": [ 9.0, 1.0, 11.0, 16.0 ], "rotation": 270 },
                "east": { "texture": "#0", "uv": [ 9.0, 0.0, 11.0, 1.0 ], "rotation": 270 },
                "south": { "texture": "#0", "uv": [ 9.0, 1.0, 11.0, 16.0 ], "rotation": 270 },
                "west": { "texture": "#0", "uv": [ 9.0, 1.0, 11.0, 0.0 ], "rotation": 270 },
                "up": { "texture": "#0", "uv": [ 11.0, 1.0, 12.0, 16.0 ], "rotation": 270 },
                "down": { "texture": "#0", "uv": [ 9.0, 1.0, 8.0, 16.0 ], "rotation": 270 }
            }
        },
        {
            "name": "R4",
            "from": [ 0.5, 13.0, 14.5 ], 
            "to": [ 15.5, 15.0, 15.5 ], 
            "faces": {
                "north": { "texture": "#0", "uv": [ 9.0, 1.0, 11.0, 16.0 ], "rotation": 270 },
                "east": { "texture": "#0", "uv": [ 9.0, 0.0, 11.0, 1.0 ], "rotation": 270 },
                "south": { "texture": "#0", "uv": [ 9.0, 1.0, 11.0, 16.0 ], "rotation": 270 },
                "west": { "texture": "#0", "uv": [ 9.0, 1.0, 11.0, 0.0 ], "rotation": 270 },
                "up": { "texture": "#0", "uv": [ 11.0, 1.0, 12.0, 16.0 ], "rotation": 270 },
                "down": { "texture": "#0", "uv": [ 9.0, 1.0, 8.0, 16.0 ], "rotation": 270 }
            }
        }
    ]
}