{
	"ambientocclusion": false,
	"textures": {
		"0": "block/melon_side",
		"1": "block/melon_top",
		"particle": "block/melon_side"
	},
	"elements": [
		{
			"from": [0, 0, 0],
			"to": [16, 16, 16],
			"faces": {
				"north": {"uv": [0, 0, 16, 16], "texture": "#0", "cullface": "north"},
				"east": {"uv": [0, 0, 16, 16], "texture": "#0", "cullface": "east"},
				"south": {"uv": [0, 0, 16, 16], "texture": "#0", "cullface": "south"},
				"west": {"uv": [0, 0, 16, 16], "texture": "#0", "cullface": "west"},
				"up": {"uv": [0, 0, 16, 16], "texture": "#1", "cullface": "up"},
				"down": {"uv": [0, 0, 16, 16], "texture": "#1", "cullface": "down"}
			}
		},
		{
			"from": [6, 15.5, 7],
			"to": [10, 16.5, 9],
			"faces": {
				"north": {"uv": [6, 7, 10, 8], "rotation": 180, "texture": "#1", "cullface": "up"},
				"east": {"uv": [9, 7, 10, 9], "rotation": 90, "texture": "#1", "cullface": "up"},
				"south": {"uv": [6, 8, 10, 9], "texture": "#1", "cullface": "up"},
				"west": {"uv": [6, 7, 7, 9], "rotation": 270, "texture": "#1", "cullface": "up"},
				"up": {"uv": [6, 7, 10, 9], "texture": "#1", "cullface": "up"}
			}
		},
		{
			"from": [7, 15.5, 6],
			"to": [9, 16.5, 10],
			"faces": {
				"north": {"uv": [7, 6, 9, 7], "rotation": 180, "texture": "#1", "cullface": "up"},
				"east": {"uv": [8, 6, 9, 10], "rotation": 90, "texture": "#1", "cullface": "up"},
				"south": {"uv": [7, 9, 9, 10], "texture": "#1", "cullface": "up"},
				"west": {"uv": [6, 7, 10, 8], "texture": "#1", "cullface": "up"},
				"up": {"uv": [7, 6, 9, 10], "texture": "#1", "cullface": "up"}
			}
		}
	],
	"display": {
        "gui": {
            "rotation": [ 30, 225, 0 ],
            "translation": [ 0, 0, 0],
            "scale":[ 0.625, 0.625, 0.625 ]
        },
        "ground": {
            "rotation": [ 0, 0, 0 ],
            "translation": [ 0, 3, 0],
            "scale":[ 0.25, 0.25, 0.25 ]
        },
        "fixed": {
            "rotation": [ 0, 0, 0 ],
            "translation": [ 0, 0, 0],
            "scale":[ 0.5, 0.5, 0.5 ]
        },
        "thirdperson_righthand": {
            "rotation": [ 75, 45, 0 ],
            "translation": [ 0, 2.5, 0],
            "scale": [ 0.375, 0.375, 0.375 ]
        },
        "firstperson_righthand": {
            "rotation": [ 0, 45, 0 ],
            "translation": [ 0, 0, 0 ],
            "scale": [ 0.40, 0.40, 0.40 ]
        },
        "firstperson_lefthand": {
            "rotation": [ 0, 225, 0 ],
            "translation": [ 0, 0, 0 ],
            "scale": [ 0.40, 0.40, 0.40 ]
        }
    }
}