{
	"credit": "Made with Blockbench",
	"parent": "block/block",
	"textures": {
		"1": "block/emerald_ore",
		"2": "block/stone",
		"particle": "block/stone"
	},
	"elements": [
		{
			"from": [0, 0, 0],
			"to": [16, 16, 16],
			"faces": {
				"north": {"uv": [0, 0, 16, 16], "texture": "#2", "cullface": "north"},
				"east": {"uv": [0, 0, 16, 16], "texture": "#2", "cullface": "east"},
				"south": {"uv": [0, 0, 16, 16], "texture": "#2", "cullface": "south"},
				"west": {"uv": [0, 0, 16, 16], "texture": "#2", "cullface": "west"},
				"up": {"uv": [0, 0, 16, 16], "texture": "#2", "cullface": "up"},
				"down": {"uv": [0, 0, 16, 16], "texture": "#2", "cullface": "down"}
			}
		},
		{
			"from": [13, 1, -0.5],
			"to": [15, 3, 0],
			"faces": {
				"north": {"uv": [1, 13, 3, 15], "texture": "#1", "cullface": "north"},
				"east": {"uv": [1, 13, 2, 15], "texture": "#1", "cullface": "north"},
				"west": {"uv": [2, 13, 3, 15], "texture": "#1", "cullface": "north"},
				"up": {"uv": [1, 13, 3, 14], "rotation": 180, "texture": "#1", "cullface": "north"},
				"down": {"uv": [1, 14, 3, 15], "rotation": 180, "texture": "#1", "cullface": "north"}
			}
		},
		{
			"from": [7, 3, -0.5],
			"to": [9, 5, 0],
			"faces": {
				"north": {"uv": [1, 13, 3, 15], "texture": "#1", "cullface": "north"},
				"east": {"uv": [1, 13, 2, 15], "texture": "#1", "cullface": "north"},
				"west": {"uv": [2, 13, 3, 15], "texture": "#1", "cullface": "north"},
				"up": {"uv": [1, 13, 3, 14], "rotation": 180, "texture": "#1", "cullface": "north"},
				"down": {"uv": [1, 14, 3, 15], "rotation": 180, "texture": "#1", "cullface": "north"}
			}
		},
		{
			"from": [1, 4, -0.5],
			"to": [3, 6, 0],
			"faces": {
				"north": {"uv": [1, 13, 3, 15], "texture": "#1", "cullface": "north"},
				"east": {"uv": [1, 13, 2, 15], "texture": "#1", "cullface": "north"},
				"west": {"uv": [2, 13, 3, 15], "texture": "#1", "cullface": "north"},
				"up": {"uv": [1, 13, 3, 14], "rotation": 180, "texture": "#1", "cullface": "north"},
				"down": {"uv": [1, 14, 3, 15], "rotation": 180, "texture": "#1", "cullface": "north"}
			}
		},
		{
			"from": [4, 5, -0.5],
			"to": [6, 7, 0],
			"faces": {
				"north": {"uv": [1, 13, 3, 15], "texture": "#1", "cullface": "north"},
				"east": {"uv": [1, 13, 2, 15], "texture": "#1", "cullface": "north"},
				"west": {"uv": [2, 13, 3, 15], "texture": "#1", "cullface": "north"},
				"up": {"uv": [1, 13, 3, 14], "rotation": 180, "texture": "#1", "cullface": "north"},
				"down": {"uv": [1, 14, 3, 15], "rotation": 180, "texture": "#1", "cullface": "north"}
			}
		},
		{
			"from": [8, 6, -0.5],
			"to": [10, 8, 0],
			"faces": {
				"north": {"uv": [1, 13, 3, 15], "texture": "#1", "cullface": "north"},
				"east": {"uv": [1, 13, 2, 15], "texture": "#1", "cullface": "north"},
				"west": {"uv": [2, 13, 3, 15], "texture": "#1", "cullface": "north"},
				"up": {"uv": [1, 13, 3, 14], "rotation": 180, "texture": "#1", "cullface": "north"},
				"down": {"uv": [1, 14, 3, 15], "rotation": 180, "texture": "#1", "cullface": "north"}
			}
		},
		{
			"from": [8, 9, -0.5],
			"to": [10, 11, 0],
			"faces": {
				"north": {"uv": [1, 13, 3, 15], "texture": "#1", "cullface": "north"},
				"east": {"uv": [1, 13, 2, 15], "texture": "#1", "cullface": "north"},
				"west": {"uv": [2, 13, 3, 15], "texture": "#1", "cullface": "north"},
				"up": {"uv": [1, 13, 3, 14], "rotation": 180, "texture": "#1", "cullface": "north"},
				"down": {"uv": [1, 14, 3, 15], "rotation": 180, "texture": "#1", "cullface": "north"}
			}
		},
		{
			"from": [10, 10, -0.5],
			"to": [12, 12, 0],
			"faces": {
				"north": {"uv": [1, 13, 3, 15], "texture": "#1", "cullface": "north"},
				"east": {"uv": [1, 13, 2, 15], "texture": "#1", "cullface": "north"},
				"west": {"uv": [2, 13, 3, 15], "texture": "#1", "cullface": "north"},
				"up": {"uv": [1, 13, 3, 14], "rotation": 180, "texture": "#1", "cullface": "north"},
				"down": {"uv": [1, 14, 3, 15], "rotation": 180, "texture": "#1", "cullface": "north"}
			}
		},
		{
			"from": [8, 13, -0.5],
			"to": [10, 15, 0],
			"faces": {
				"north": {"uv": [1, 13, 3, 15], "texture": "#1", "cullface": "north"},
				"east": {"uv": [1, 13, 2, 15], "texture": "#1", "cullface": "north"},
				"west": {"uv": [2, 13, 3, 15], "texture": "#1", "cullface": "north"},
				"up": {"uv": [1, 13, 3, 14], "rotation": 180, "texture": "#1", "cullface": "north"},
				"down": {"uv": [1, 14, 3, 15], "rotation": 180, "texture": "#1", "cullface": "north"}
			}
		},
		{
			"from": [2, 11, -0.5],
			"to": [4, 13, 0],
			"faces": {
				"north": {"uv": [1, 13, 3, 15], "texture": "#1", "cullface": "north"},
				"east": {"uv": [1, 13, 2, 15], "texture": "#1", "cullface": "north"},
				"west": {"uv": [2, 13, 3, 15], "texture": "#1", "cullface": "north"},
				"up": {"uv": [1, 13, 3, 14], "rotation": 180, "texture": "#1", "cullface": "north"},
				"down": {"uv": [1, 14, 3, 15], "rotation": 180, "texture": "#1", "cullface": "north"}
			}
		},
		{
			"from": [1, 1, 16],
			"to": [3, 3, 16.5],
			"faces": {
				"east": {"uv": [2, 13, 3, 15], "texture": "#1", "cullface": "south"},
				"south": {"uv": [1, 13, 3, 15], "texture": "#1", "cullface": "south"},
				"west": {"uv": [1, 13, 2, 15], "texture": "#1", "cullface": "south"},
				"up": {"uv": [1, 13, 3, 14], "texture": "#1", "cullface": "south"},
				"down": {"uv": [1, 14, 3, 15], "texture": "#1", "cullface": "south"}
			}
		},
		{
			"from": [7, 3, 16],
			"to": [9, 5, 16.5],
			"faces": {
				"east": {"uv": [2, 13, 3, 15], "texture": "#1", "cullface": "south"},
				"south": {"uv": [1, 13, 3, 15], "texture": "#1", "cullface": "south"},
				"west": {"uv": [1, 13, 2, 15], "texture": "#1", "cullface": "south"},
				"up": {"uv": [1, 13, 3, 14], "texture": "#1", "cullface": "south"},
				"down": {"uv": [1, 14, 3, 15], "texture": "#1", "cullface": "south"}
			}
		},
		{
			"from": [13, 4, 16],
			"to": [15, 6, 16.5],
			"faces": {
				"east": {"uv": [2, 13, 3, 15], "texture": "#1", "cullface": "south"},
				"south": {"uv": [1, 13, 3, 15], "texture": "#1", "cullface": "south"},
				"west": {"uv": [1, 13, 2, 15], "texture": "#1", "cullface": "south"},
				"up": {"uv": [1, 13, 3, 14], "texture": "#1", "cullface": "south"},
				"down": {"uv": [1, 14, 3, 15], "texture": "#1", "cullface": "south"}
			}
		},
		{
			"from": [10, 5, 16],
			"to": [12, 7, 16.5],
			"faces": {
				"east": {"uv": [2, 13, 3, 15], "texture": "#1", "cullface": "south"},
				"south": {"uv": [1, 13, 3, 15], "texture": "#1", "cullface": "south"},
				"west": {"uv": [1, 13, 2, 15], "texture": "#1", "cullface": "south"},
				"up": {"uv": [1, 13, 3, 14], "texture": "#1", "cullface": "south"},
				"down": {"uv": [1, 14, 3, 15], "texture": "#1", "cullface": "south"}
			}
		},
		{
			"from": [6, 6, 16],
			"to": [8, 8, 16.5],
			"faces": {
				"east": {"uv": [2, 13, 3, 15], "texture": "#1", "cullface": "south"},
				"south": {"uv": [1, 13, 3, 15], "texture": "#1", "cullface": "south"},
				"west": {"uv": [1, 13, 2, 15], "texture": "#1", "cullface": "south"},
				"up": {"uv": [1, 13, 3, 14], "texture": "#1", "cullface": "south"},
				"down": {"uv": [1, 14, 3, 15], "texture": "#1", "cullface": "south"}
			}
		},
		{
			"from": [6, 9, 16],
			"to": [8, 11, 16.5],
			"faces": {
				"east": {"uv": [2, 13, 3, 15], "texture": "#1", "cullface": "south"},
				"south": {"uv": [1, 13, 3, 15], "texture": "#1", "cullface": "south"},
				"west": {"uv": [1, 13, 2, 15], "texture": "#1", "cullface": "south"},
				"up": {"uv": [1, 13, 3, 14], "texture": "#1", "cullface": "south"},
				"down": {"uv": [1, 14, 3, 15], "texture": "#1", "cullface": "south"}
			}
		},
		{
			"from": [4, 10, 16],
			"to": [6, 12, 16.5],
			"faces": {
				"east": {"uv": [2, 13, 3, 15], "texture": "#1", "cullface": "south"},
				"south": {"uv": [1, 13, 3, 15], "texture": "#1", "cullface": "south"},
				"west": {"uv": [1, 13, 2, 15], "texture": "#1", "cullface": "south"},
				"up": {"uv": [1, 13, 3, 14], "texture": "#1", "cullface": "south"},
				"down": {"uv": [1, 14, 3, 15], "texture": "#1", "cullface": "south"}
			}
		},
		{
			"from": [6, 13, 16],
			"to": [8, 15, 16.5],
			"faces": {
				"east": {"uv": [2, 13, 3, 15], "texture": "#1", "cullface": "south"},
				"south": {"uv": [1, 13, 3, 15], "texture": "#1", "cullface": "south"},
				"west": {"uv": [1, 13, 2, 15], "texture": "#1", "cullface": "south"},
				"up": {"uv": [1, 13, 3, 14], "texture": "#1", "cullface": "south"},
				"down": {"uv": [1, 14, 3, 15], "texture": "#1", "cullface": "south"}
			}
		},
		{
			"from": [12, 11, 16],
			"to": [14, 13, 16.5],
			"faces": {
				"east": {"uv": [2, 13, 3, 15], "texture": "#1", "cullface": "south"},
				"south": {"uv": [1, 13, 3, 15], "texture": "#1", "cullface": "south"},
				"west": {"uv": [1, 13, 2, 15], "texture": "#1", "cullface": "south"},
				"up": {"uv": [1, 13, 3, 14], "texture": "#1", "cullface": "south"},
				"down": {"uv": [1, 14, 3, 15], "texture": "#1", "cullface": "south"}
			}
		},
		{
			"from": [-0.5, 1, 1],
			"to": [0, 3, 3],
			"faces": {
				"north": {"uv": [1, 13, 2, 15], "texture": "#1", "cullface": "west"},
				"south": {"uv": [2, 13, 3, 15], "texture": "#1", "cullface": "west"},
				"west": {"uv": [1, 13, 3, 15], "texture": "#1", "cullface": "west"},
				"up": {"uv": [1, 13, 3, 14], "rotation": 90, "texture": "#1", "cullface": "west"},
				"down": {"uv": [1, 14, 3, 15], "rotation": 270, "texture": "#1", "cullface": "west"}
			}
		},
		{
			"from": [-0.5, 3, 7],
			"to": [0, 5, 9],
			"faces": {
				"north": {"uv": [1, 13, 2, 15], "texture": "#1", "cullface": "west"},
				"south": {"uv": [2, 13, 3, 15], "texture": "#1", "cullface": "west"},
				"west": {"uv": [1, 13, 3, 15], "texture": "#1", "cullface": "west"},
				"up": {"uv": [1, 13, 3, 14], "rotation": 90, "texture": "#1", "cullface": "west"},
				"down": {"uv": [1, 14, 3, 15], "rotation": 270, "texture": "#1", "cullface": "west"}
			}
		},
		{
			"from": [-0.5, 4, 13],
			"to": [0, 6, 15],
			"faces": {
				"north": {"uv": [1, 13, 2, 15], "texture": "#1", "cullface": "west"},
				"south": {"uv": [2, 13, 3, 15], "texture": "#1", "cullface": "west"},
				"west": {"uv": [1, 13, 3, 15], "texture": "#1", "cullface": "west"},
				"up": {"uv": [1, 13, 3, 14], "rotation": 90, "texture": "#1", "cullface": "west"},
				"down": {"uv": [1, 14, 3, 15], "rotation": 270, "texture": "#1", "cullface": "west"}
			}
		},
		{
			"from": [-0.5, 5, 10],
			"to": [0, 7, 12],
			"faces": {
				"north": {"uv": [1, 13, 2, 15], "texture": "#1", "cullface": "west"},
				"south": {"uv": [2, 13, 3, 15], "texture": "#1", "cullface": "west"},
				"west": {"uv": [1, 13, 3, 15], "texture": "#1", "cullface": "west"},
				"up": {"uv": [1, 13, 3, 14], "rotation": 90, "texture": "#1", "cullface": "west"},
				"down": {"uv": [1, 14, 3, 15], "rotation": 270, "texture": "#1", "cullface": "west"}
			}
		},
		{
			"from": [-0.5, 6, 6],
			"to": [0, 8, 8],
			"faces": {
				"north": {"uv": [1, 13, 2, 15], "texture": "#1", "cullface": "west"},
				"south": {"uv": [2, 13, 3, 15], "texture": "#1", "cullface": "west"},
				"west": {"uv": [1, 13, 3, 15], "texture": "#1", "cullface": "west"},
				"up": {"uv": [1, 13, 3, 14], "rotation": 90, "texture": "#1", "cullface": "west"},
				"down": {"uv": [1, 14, 3, 15], "rotation": 270, "texture": "#1", "cullface": "west"}
			}
		},
		{
			"from": [-0.5, 9, 6],
			"to": [0, 11, 8],
			"faces": {
				"north": {"uv": [1, 13, 2, 15], "texture": "#1", "cullface": "west"},
				"south": {"uv": [2, 13, 3, 15], "texture": "#1", "cullface": "west"},
				"west": {"uv": [1, 13, 3, 15], "texture": "#1", "cullface": "west"},
				"up": {"uv": [1, 13, 3, 14], "rotation": 90, "texture": "#1", "cullface": "west"},
				"down": {"uv": [1, 14, 3, 15], "rotation": 270, "texture": "#1", "cullface": "west"}
			}
		},
		{
			"from": [-0.5, 10, 4],
			"to": [0, 12, 6],
			"faces": {
				"north": {"uv": [1, 13, 2, 15], "texture": "#1", "cullface": "west"},
				"south": {"uv": [2, 13, 3, 15], "texture": "#1", "cullface": "west"},
				"west": {"uv": [1, 13, 3, 15], "texture": "#1", "cullface": "west"},
				"up": {"uv": [1, 13, 3, 14], "rotation": 90, "texture": "#1", "cullface": "west"},
				"down": {"uv": [1, 14, 3, 15], "rotation": 270, "texture": "#1", "cullface": "west"}
			}
		},
		{
			"from": [-0.5, 13, 6],
			"to": [0, 15, 8],
			"faces": {
				"north": {"uv": [1, 13, 2, 15], "texture": "#1", "cullface": "west"},
				"south": {"uv": [2, 13, 3, 15], "texture": "#1", "cullface": "west"},
				"west": {"uv": [1, 13, 3, 15], "texture": "#1", "cullface": "west"},
				"up": {"uv": [1, 13, 3, 14], "rotation": 90, "texture": "#1", "cullface": "west"},
				"down": {"uv": [1, 14, 3, 15], "rotation": 270, "texture": "#1", "cullface": "west"}
			}
		},
		{
			"from": [-0.5, 11, 12],
			"to": [0, 13, 14],
			"faces": {
				"north": {"uv": [1, 13, 2, 15], "texture": "#1", "cullface": "west"},
				"south": {"uv": [2, 13, 3, 15], "texture": "#1", "cullface": "west"},
				"west": {"uv": [1, 13, 3, 15], "texture": "#1", "cullface": "west"},
				"up": {"uv": [1, 13, 3, 14], "rotation": 90, "texture": "#1", "cullface": "west"},
				"down": {"uv": [1, 14, 3, 15], "rotation": 270, "texture": "#1", "cullface": "west"}
			}
		},
		{
			"from": [16, 1, 13],
			"to": [16.5, 3, 15],
			"faces": {
				"north": {"uv": [2, 13, 3, 15], "texture": "#1", "cullface": "east"},
				"east": {"uv": [1, 13, 3, 15], "texture": "#1", "cullface": "east"},
				"south": {"uv": [1, 13, 2, 15], "texture": "#1", "cullface": "east"},
				"up": {"uv": [1, 13, 3, 14], "rotation": 270, "texture": "#1", "cullface": "east"},
				"down": {"uv": [1, 14, 3, 15], "rotation": 90, "texture": "#1", "cullface": "east"}
			}
		},
		{
			"from": [16, 3, 7],
			"to": [16.5, 5, 9],
			"faces": {
				"north": {"uv": [2, 13, 3, 15], "texture": "#1", "cullface": "east"},
				"east": {"uv": [1, 13, 3, 15], "texture": "#1", "cullface": "east"},
				"south": {"uv": [1, 13, 2, 15], "texture": "#1", "cullface": "east"},
				"up": {"uv": [1, 13, 3, 14], "rotation": 270, "texture": "#1", "cullface": "east"},
				"down": {"uv": [1, 14, 3, 15], "rotation": 90, "texture": "#1", "cullface": "east"}
			}
		},
		{
			"from": [16, 4, 1],
			"to": [16.5, 6, 3],
			"faces": {
				"north": {"uv": [2, 13, 3, 15], "texture": "#1", "cullface": "east"},
				"east": {"uv": [1, 13, 3, 15], "texture": "#1", "cullface": "east"},
				"south": {"uv": [1, 13, 2, 15], "texture": "#1", "cullface": "east"},
				"up": {"uv": [1, 13, 3, 14], "rotation": 270, "texture": "#1", "cullface": "east"},
				"down": {"uv": [1, 14, 3, 15], "rotation": 90, "texture": "#1", "cullface": "east"}
			}
		},
		{
			"from": [16, 5, 4],
			"to": [16.5, 7, 6],
			"faces": {
				"north": {"uv": [2, 13, 3, 15], "texture": "#1", "cullface": "east"},
				"east": {"uv": [1, 13, 3, 15], "texture": "#1", "cullface": "east"},
				"south": {"uv": [1, 13, 2, 15], "texture": "#1", "cullface": "east"},
				"up": {"uv": [1, 13, 3, 14], "rotation": 270, "texture": "#1", "cullface": "east"},
				"down": {"uv": [1, 14, 3, 15], "rotation": 90, "texture": "#1", "cullface": "east"}
			}
		},
		{
			"from": [16, 6, 8],
			"to": [16.5, 8, 10],
			"faces": {
				"north": {"uv": [2, 13, 3, 15], "texture": "#1", "cullface": "east"},
				"east": {"uv": [1, 13, 3, 15], "texture": "#1", "cullface": "east"},
				"south": {"uv": [1, 13, 2, 15], "texture": "#1", "cullface": "east"},
				"up": {"uv": [1, 13, 3, 14], "rotation": 270, "texture": "#1", "cullface": "east"},
				"down": {"uv": [1, 14, 3, 15], "rotation": 90, "texture": "#1", "cullface": "east"}
			}
		},
		{
			"from": [16, 9, 8],
			"to": [16.5, 11, 10],
			"faces": {
				"north": {"uv": [2, 13, 3, 15], "texture": "#1", "cullface": "east"},
				"east": {"uv": [1, 13, 3, 15], "texture": "#1", "cullface": "east"},
				"south": {"uv": [1, 13, 2, 15], "texture": "#1", "cullface": "east"},
				"up": {"uv": [1, 13, 3, 14], "rotation": 270, "texture": "#1", "cullface": "east"},
				"down": {"uv": [1, 14, 3, 15], "rotation": 90, "texture": "#1", "cullface": "east"}
			}
		},
		{
			"from": [16, 10, 10],
			"to": [16.5, 12, 12],
			"faces": {
				"north": {"uv": [2, 13, 3, 15], "texture": "#1", "cullface": "east"},
				"east": {"uv": [1, 13, 3, 15], "texture": "#1", "cullface": "east"},
				"south": {"uv": [1, 13, 2, 15], "texture": "#1", "cullface": "east"},
				"up": {"uv": [1, 13, 3, 14], "rotation": 270, "texture": "#1", "cullface": "east"},
				"down": {"uv": [1, 14, 3, 15], "rotation": 90, "texture": "#1", "cullface": "east"}
			}
		},
		{
			"from": [16, 13, 8],
			"to": [16.5, 15, 10],
			"faces": {
				"north": {"uv": [2, 13, 3, 15], "texture": "#1", "cullface": "east"},
				"east": {"uv": [1, 13, 3, 15], "texture": "#1", "cullface": "east"},
				"south": {"uv": [1, 13, 2, 15], "texture": "#1", "cullface": "east"},
				"up": {"uv": [1, 13, 3, 14], "rotation": 270, "texture": "#1", "cullface": "east"},
				"down": {"uv": [1, 14, 3, 15], "rotation": 90, "texture": "#1", "cullface": "east"}
			}
		},
		{
			"from": [16, 11, 2],
			"to": [16.5, 13, 4],
			"faces": {
				"north": {"uv": [2, 13, 3, 15], "texture": "#1", "cullface": "east"},
				"east": {"uv": [1, 13, 3, 15], "texture": "#1", "cullface": "east"},
				"south": {"uv": [1, 13, 2, 15], "texture": "#1", "cullface": "east"},
				"up": {"uv": [1, 13, 3, 14], "rotation": 270, "texture": "#1", "cullface": "east"},
				"down": {"uv": [1, 14, 3, 15], "rotation": 90, "texture": "#1", "cullface": "east"}
			}
		},
		{
			"from": [1, 16, 13],
			"to": [3, 16.5, 15],
			"faces": {
				"north": {"uv": [1, 13, 3, 14], "rotation": 180, "texture": "#1", "cullface": "up"},
				"east": {"uv": [2, 13, 3, 15], "rotation": 90, "texture": "#1", "cullface": "up"},
				"south": {"uv": [1, 14, 3, 15], "texture": "#1", "cullface": "up"},
				"west": {"uv": [1, 13, 2, 15], "rotation": 270, "texture": "#1", "cullface": "up"},
				"up": {"uv": [1, 13, 3, 15], "texture": "#1", "cullface": "up"}
			}
		},
		{
			"from": [7, 16, 11],
			"to": [9, 16.5, 13],
			"faces": {
				"north": {"uv": [1, 13, 3, 14], "rotation": 180, "texture": "#1", "cullface": "up"},
				"east": {"uv": [2, 13, 3, 15], "rotation": 90, "texture": "#1", "cullface": "up"},
				"south": {"uv": [1, 14, 3, 15], "texture": "#1", "cullface": "up"},
				"west": {"uv": [1, 13, 2, 15], "rotation": 270, "texture": "#1", "cullface": "up"},
				"up": {"uv": [1, 13, 3, 15], "texture": "#1", "cullface": "up"}
			}
		},
		{
			"from": [13, 16, 10],
			"to": [15, 16.5, 12],
			"faces": {
				"north": {"uv": [1, 13, 3, 14], "rotation": 180, "texture": "#1", "cullface": "up"},
				"east": {"uv": [2, 13, 3, 15], "rotation": 90, "texture": "#1", "cullface": "up"},
				"south": {"uv": [1, 14, 3, 15], "texture": "#1", "cullface": "up"},
				"west": {"uv": [1, 13, 2, 15], "rotation": 270, "texture": "#1", "cullface": "up"},
				"up": {"uv": [1, 13, 3, 15], "texture": "#1", "cullface": "up"}
			}
		},
		{
			"from": [10, 16, 9],
			"to": [12, 16.5, 11],
			"faces": {
				"north": {"uv": [1, 13, 3, 14], "rotation": 180, "texture": "#1", "cullface": "up"},
				"east": {"uv": [2, 13, 3, 15], "rotation": 90, "texture": "#1", "cullface": "up"},
				"south": {"uv": [1, 14, 3, 15], "texture": "#1", "cullface": "up"},
				"west": {"uv": [1, 13, 2, 15], "rotation": 270, "texture": "#1", "cullface": "up"},
				"up": {"uv": [1, 13, 3, 15], "texture": "#1", "cullface": "up"}
			}
		},
		{
			"from": [6, 16, 8],
			"to": [8, 16.5, 10],
			"faces": {
				"north": {"uv": [1, 13, 3, 14], "rotation": 180, "texture": "#1", "cullface": "up"},
				"east": {"uv": [2, 13, 3, 15], "rotation": 90, "texture": "#1", "cullface": "up"},
				"south": {"uv": [1, 14, 3, 15], "texture": "#1", "cullface": "up"},
				"west": {"uv": [1, 13, 2, 15], "rotation": 270, "texture": "#1", "cullface": "up"},
				"up": {"uv": [1, 13, 3, 15], "texture": "#1", "cullface": "up"}
			}
		},
		{
			"from": [6, 16, 5],
			"to": [8, 16.5, 7],
			"faces": {
				"north": {"uv": [1, 13, 3, 14], "rotation": 180, "texture": "#1", "cullface": "up"},
				"east": {"uv": [2, 13, 3, 15], "rotation": 90, "texture": "#1", "cullface": "up"},
				"south": {"uv": [1, 14, 3, 15], "texture": "#1", "cullface": "up"},
				"west": {"uv": [1, 13, 2, 15], "rotation": 270, "texture": "#1", "cullface": "up"},
				"up": {"uv": [1, 13, 3, 15], "texture": "#1", "cullface": "up"}
			}
		},
		{
			"from": [4, 16, 4],
			"to": [6, 16.5, 6],
			"faces": {
				"north": {"uv": [1, 13, 3, 14], "rotation": 180, "texture": "#1", "cullface": "up"},
				"east": {"uv": [2, 13, 3, 15], "rotation": 90, "texture": "#1", "cullface": "up"},
				"south": {"uv": [1, 14, 3, 15], "texture": "#1", "cullface": "up"},
				"west": {"uv": [1, 13, 2, 15], "rotation": 270, "texture": "#1", "cullface": "up"},
				"up": {"uv": [1, 13, 3, 15], "texture": "#1", "cullface": "up"}
			}
		},
		{
			"from": [6, 16, 1],
			"to": [8, 16.5, 3],
			"faces": {
				"north": {"uv": [1, 13, 3, 14], "rotation": 180, "texture": "#1", "cullface": "up"},
				"east": {"uv": [2, 13, 3, 15], "rotation": 90, "texture": "#1", "cullface": "up"},
				"south": {"uv": [1, 14, 3, 15], "texture": "#1", "cullface": "up"},
				"west": {"uv": [1, 13, 2, 15], "rotation": 270, "texture": "#1", "cullface": "up"},
				"up": {"uv": [1, 13, 3, 15], "texture": "#1", "cullface": "up"}
			}
		},
		{
			"from": [12, 16, 3],
			"to": [14, 16.5, 5],
			"faces": {
				"north": {"uv": [1, 13, 3, 14], "rotation": 180, "texture": "#1", "cullface": "up"},
				"east": {"uv": [2, 13, 3, 15], "rotation": 90, "texture": "#1", "cullface": "up"},
				"south": {"uv": [1, 14, 3, 15], "texture": "#1", "cullface": "up"},
				"west": {"uv": [1, 13, 2, 15], "rotation": 270, "texture": "#1", "cullface": "up"},
				"up": {"uv": [1, 13, 3, 15], "texture": "#1", "cullface": "up"}
			}
		},
		{
			"from": [1, -0.5, 1],
			"to": [3, 0, 3],
			"faces": {
				"north": {"uv": [1, 14, 3, 15], "rotation": 180, "texture": "#1", "cullface": "down"},
				"east": {"uv": [2, 13, 3, 15], "rotation": 270, "texture": "#1"},
				"south": {"uv": [1, 13, 3, 14], "texture": "#1", "cullface": "down"},
				"west": {"uv": [1, 13, 2, 15], "rotation": 90, "texture": "#1"},
				"down": {"uv": [1, 13, 3, 15], "texture": "#1"}
			}
		},
		{
			"from": [7, -0.5, 3],
			"to": [9, 0, 5],
			"faces": {
				"north": {"uv": [1, 14, 3, 15], "rotation": 180, "texture": "#1", "cullface": "down"},
				"east": {"uv": [2, 13, 3, 15], "rotation": 270, "texture": "#1"},
				"south": {"uv": [1, 13, 3, 14], "texture": "#1", "cullface": "down"},
				"west": {"uv": [1, 13, 2, 15], "rotation": 90, "texture": "#1"},
				"down": {"uv": [1, 13, 3, 15], "texture": "#1"}
			}
		},
		{
			"from": [13, -0.5, 4],
			"to": [15, 0, 6],
			"faces": {
				"north": {"uv": [1, 14, 3, 15], "rotation": 180, "texture": "#1", "cullface": "down"},
				"east": {"uv": [2, 13, 3, 15], "rotation": 270, "texture": "#1"},
				"south": {"uv": [1, 13, 3, 14], "texture": "#1", "cullface": "down"},
				"west": {"uv": [1, 13, 2, 15], "rotation": 90, "texture": "#1"},
				"down": {"uv": [1, 13, 3, 15], "texture": "#1"}
			}
		},
		{
			"from": [10, -0.5, 5],
			"to": [12, 0, 7],
			"faces": {
				"north": {"uv": [1, 14, 3, 15], "rotation": 180, "texture": "#1", "cullface": "down"},
				"east": {"uv": [2, 13, 3, 15], "rotation": 270, "texture": "#1"},
				"south": {"uv": [1, 13, 3, 14], "texture": "#1", "cullface": "down"},
				"west": {"uv": [1, 13, 2, 15], "rotation": 90, "texture": "#1"},
				"down": {"uv": [1, 13, 3, 15], "texture": "#1"}
			}
		},
		{
			"from": [6, -0.5, 6],
			"to": [8, 0, 8],
			"faces": {
				"north": {"uv": [1, 14, 3, 15], "rotation": 180, "texture": "#1", "cullface": "down"},
				"east": {"uv": [2, 13, 3, 15], "rotation": 270, "texture": "#1"},
				"south": {"uv": [1, 13, 3, 14], "texture": "#1", "cullface": "down"},
				"west": {"uv": [1, 13, 2, 15], "rotation": 90, "texture": "#1"},
				"down": {"uv": [1, 13, 3, 15], "texture": "#1"}
			}
		},
		{
			"from": [6, -0.5, 9],
			"to": [8, 0, 11],
			"faces": {
				"north": {"uv": [1, 14, 3, 15], "rotation": 180, "texture": "#1", "cullface": "down"},
				"east": {"uv": [2, 13, 3, 15], "rotation": 270, "texture": "#1"},
				"south": {"uv": [1, 13, 3, 14], "texture": "#1", "cullface": "down"},
				"west": {"uv": [1, 13, 2, 15], "rotation": 90, "texture": "#1"},
				"down": {"uv": [1, 13, 3, 15], "texture": "#1"}
			}
		},
		{
			"from": [4, -0.5, 10],
			"to": [6, 0, 12],
			"faces": {
				"north": {"uv": [1, 14, 3, 15], "rotation": 180, "texture": "#1", "cullface": "down"},
				"east": {"uv": [2, 13, 3, 15], "rotation": 270, "texture": "#1"},
				"south": {"uv": [1, 13, 3, 14], "texture": "#1", "cullface": "down"},
				"west": {"uv": [1, 13, 2, 15], "rotation": 90, "texture": "#1"},
				"down": {"uv": [1, 13, 3, 15], "texture": "#1"}
			}
		},
		{
			"from": [6, -0.5, 13],
			"to": [8, 0, 15],
			"faces": {
				"north": {"uv": [1, 14, 3, 15], "rotation": 180, "texture": "#1", "cullface": "down"},
				"east": {"uv": [2, 13, 3, 15], "rotation": 270, "texture": "#1"},
				"south": {"uv": [1, 13, 3, 14], "texture": "#1", "cullface": "down"},
				"west": {"uv": [1, 13, 2, 15], "rotation": 90, "texture": "#1"},
				"down": {"uv": [1, 13, 3, 15], "texture": "#1"}
			}
		},
		{
			"from": [12, -0.5, 11],
			"to": [14, 0, 13],
			"faces": {
				"north": {"uv": [1, 14, 3, 15], "rotation": 180, "texture": "#1", "cullface": "down"},
				"east": {"uv": [2, 13, 3, 15], "rotation": 270, "texture": "#1"},
				"south": {"uv": [1, 13, 3, 14], "texture": "#1", "cullface": "down"},
				"west": {"uv": [1, 13, 2, 15], "rotation": 90, "texture": "#1"},
				"down": {"uv": [1, 13, 3, 15], "texture": "#1"}
			}
		}
	],
	"groups": [0,
		{
			"name": "north",
			"origin": [8, 8, 8],
			"children": [1, 2, 3, 4, 5, 6, 7, 8, 9]
		},
		{
			"name": "south",
			"origin": [8, 8, 8],
			"children": [10, 11, 12, 13, 14, 15, 16, 17, 18]
		},
		{
			"name": "west",
			"origin": [8, 8, 8],
			"children": [19, 20, 21, 22, 23, 24, 25, 26, 27]
		},
		{
			"name": "east",
			"origin": [8, 8, 8],
			"children": [28, 29, 30, 31, 32, 33, 34, 35, 36]
		},
		{
			"name": "up",
			"origin": [8, 8, 8],
			"children": [37, 38, 39, 40, 41, 42, 43, 44, 45]
		},
		{
			"name": "down",
			"origin": [8, 8, 8],
			"children": [46, 47, 48, 49, 50, 51, 52, 53, 54]
		}
	]
}