{
	"credit": "Made with Blockbench",
	"parent": "block/block",
	"textures": {
		"0": "block/jukebox_top",
		"1": "block/jukebox_side",
		"particle": "block/jukebox_top"
	},
	"elements": [
		{
			"from": [0, 0, 0],
			"to": [16, 14, 16],
			"faces": {
				"north": {"uv": [0, 2, 16, 16], "texture": "#1", "cullface": "north"},
				"east": {"uv": [0, 2, 16, 16], "texture": "#1", "cullface": "east"},
				"south": {"uv": [0, 2, 16, 16], "texture": "#1", "cullface": "south"},
				"west": {"uv": [0, 2, 16, 16], "texture": "#1", "cullface": "west"},
				"up": {"uv": [0, 0, 16, 16], "texture": "#0", "cullface": "up"},
				"down": {"uv": [0, 0, 16, 16], "texture": "#1", "cullface": "down"}
			}
		},
		{
			"from": [9, 14, 0],
			"to": [16, 16, 16],
			"rotation": {"angle": 0, "axis": "z", "origin": [12.5, 15, 8]},
			"faces": {
				"north": {"uv": [0, 0, 7, 2], "texture": "#1", "cullface": "north"},
				"east": {"uv": [0, 0, 16, 2], "texture": "#1", "cullface": "east"},
				"south": {"uv": [9, 0, 16, 2], "texture": "#1", "cullface": "south"},
				"west": {"uv": [7, 0, 9, 16], "rotation": 90, "texture": "#0"},
				"up": {"uv": [9, 0, 16, 16], "texture": "#0", "cullface": "up"}
			}
		},
		{
			"from": [0, 14, 0],
			"to": [7, 16, 16],
			"faces": {
				"north": {"uv": [9, 0, 16, 2], "texture": "#1", "cullface": "north"},
				"east": {"uv": [7, 0, 9, 16], "rotation": 90, "texture": "#0"},
				"south": {"uv": [0, 0, 7, 2], "texture": "#1", "cullface": "south"},
				"west": {"uv": [0, 0, 16, 2], "texture": "#1", "cullface": "west"},
				"up": {"uv": [0, 0, 7, 16], "texture": "#0", "cullface": "up"}
			}
		},
		{
			"from": [7, 14, 13],
			"to": [9, 16, 16],
			"faces": {
				"north": {"uv": [7, 3, 9, 4], "texture": "#0"},
				"south": {"uv": [7, 0, 9, 2], "texture": "#1", "cullface": "south"},
				"up": {"uv": [7, 13, 9, 16], "texture": "#0", "cullface": "up"}
			}
		},
		{
			"from": [7, 14, 0],
			"to": [9, 16, 3],
			"faces": {
				"north": {"uv": [7, 0, 9, 2], "texture": "#1", "cullface": "north"},
				"south": {"uv": [7, 3, 9, 4], "texture": "#0"},
				"up": {"uv": [7, 0, 9, 3], "texture": "#0", "cullface": "up"}
			}
		}
	]
}