{
	"credit": "Made with Blockbench",
	"ambientocclusion": false,
	"textures": {
		"1": "block/birch_door_side",
		"2": "block/birch_door_top_invert",
		"top": "block/birch_door_top",
		"particle": "block/birch_door_bottom",
		"bottom": "block/birch_door_bottom"
	},
	"elements": [
		{
			"from": [0, 29, 6.5],
			"to": [16, 32, 9.5],
			"rotation": {"angle": 0, "axis": "y", "origin": [8, 24, 14.5]},
			"faces": {
				"north": {"uv": [0, 0, 16, 3], "texture": "#top", "cullface": "west"},
				"east": {"uv": [3, 0, 0, 3], "texture": "#1", "cullface": "north"},
				"south": {"uv": [16, 0, 0, 3], "texture": "#top"},
				"west": {"uv": [13, 0, 16, 3], "texture": "#1", "cullface": "south"},
				"up": {"uv": [0, 12, 16, 15], "rotation": 180, "texture": "#1", "cullface": "up"},
				"down": {"uv": [0, 12, 16, 15], "rotation": 180, "texture": "#1"}
			}
		},
		{
			"from": [13, 16, 6.5],
			"to": [16, 29, 9.5],
			"rotation": {"angle": 0, "axis": "y", "origin": [8, 24, 14.5]},
			"faces": {
				"north": {"uv": [0, 3, 3, 16], "texture": "#top"},
				"east": {"uv": [0, 3, 3, 16], "texture": "#1"},
				"south": {"uv": [0, 3, 3, 16], "texture": "#2"},
				"west": {"uv": [10, 3, 13, 16], "texture": "#1"}
			}
		},
		{
			"from": [0, 16, 6.5],
			"to": [3, 29, 9.5],
			"rotation": {"angle": 0, "axis": "y", "origin": [8, 24, 14.5]},
			"faces": {
				"north": {"uv": [13, 3, 16, 16], "texture": "#top"},
				"east": {"uv": [10, 3, 13, 16], "texture": "#1"},
				"south": {"uv": [13, 3, 16, 16], "texture": "#2"},
				"west": {"uv": [13, 3, 16, 16], "texture": "#1"}
			}
		},
		{
			"from": [3, 16, 7.5],
			"to": [13, 29, 8.5],
			"rotation": {"angle": 0, "axis": "y", "origin": [8, 24, 14.5]},
			"faces": {
				"north": {"uv": [3, 3, 13, 16], "texture": "#top"},
				"south": {"uv": [3, 3, 13, 16], "texture": "#top"}
			}
		},
		{
			"from": [1, 16, 6],
			"to": [2, 18, 10],
			"rotation": {"angle": 0, "axis": "y", "origin": [8, 24, 14.5]},
			"faces": {
				"north": {"uv": [14, 14, 15, 16], "texture": "#top"},
				"east": {"uv": [14, 14, 15, 16], "texture": "#top"},
				"south": {"uv": [14, 14, 15, 16], "texture": "#top"},
				"west": {"uv": [14, 14, 15, 16], "texture": "#top"},
				"up": {"uv": [14, 14, 15, 15], "rotation": 90, "texture": "#top"},
				"down": {"uv": [14, 15, 15, 16], "rotation": 270, "texture": "#top"}
			}
		},
		{
			"from": [0, 0, 6.5],
			"to": [16, 12, 9.5],
			"rotation": {"angle": 0, "axis": "y", "origin": [8, 24, 14.5]},
			"faces": {
				"north": {"uv": [0, 4, 16, 16], "texture": "#bottom", "cullface": "west"},
				"east": {"uv": [6, 4, 3, 16], "texture": "#1", "cullface": "north"},
				"south": {"uv": [16, 4, 0, 16], "texture": "#bottom"},
				"west": {"uv": [13, 4, 16, 16], "texture": "#1", "cullface": "south"},
				"up": {"uv": [0, 7, 16, 10], "rotation": 180, "texture": "#1"},
				"down": {"uv": [0, 12, 16, 15], "rotation": 180, "texture": "#1", "cullface": "down"}
			}
		},
		{
			"from": [13, 12, 6.5],
			"to": [16, 16, 9.5],
			"rotation": {"angle": 0, "axis": "y", "origin": [8, 24, 14.5]},
			"faces": {
				"north": {"uv": [0, 0, 3, 4], "texture": "#bottom"},
				"east": {"uv": [3, 0, 6, 4], "texture": "#1"},
				"south": {"uv": [9, 0, 12, 4], "texture": "#1"},
				"west": {"uv": [3, 4, 6, 8], "texture": "#1"}
			}
		},
		{
			"from": [0, 12, 6.5],
			"to": [3, 16, 9.5],
			"rotation": {"angle": 0, "axis": "y", "origin": [8, 24, 14.5]},
			"faces": {
				"north": {"uv": [13, 0, 16, 4], "texture": "#bottom"},
				"east": {"uv": [6, 4, 9, 8], "texture": "#1"},
				"south": {"uv": [6, 0, 9, 4], "texture": "#1"},
				"west": {"uv": [13, 0, 16, 4], "texture": "#1"}
			}
		},
		{
			"from": [3, 12, 7.5],
			"to": [13, 16, 8.5],
			"rotation": {"angle": 0, "axis": "y", "origin": [8, 24, 14.5]},
			"faces": {
				"north": {"uv": [3, 0, 13, 4], "texture": "#bottom"},
				"south": {"uv": [3, 0, 13, 4], "texture": "#bottom"}
			}
		}
	],
	"display": {
		"thirdperson_righthand": {
			"rotation": [75, 90, 0],
			"translation": [0, 2.5, 0],
			"scale": [0.375, 0.375, 0.375]
		},
		"thirdperson_lefthand": {
			"rotation": [75, 90, 0],
			"translation": [0, 2.5, 0],
			"scale": [0.375, 0.375, 0.375]
		},
		"firstperson_righthand": {
			"rotation": [0, 135, 0],
			"translation": [0, -3, 0],
			"scale": [0.4, 0.4, 0.4]
		},
		"firstperson_lefthand": {
			"rotation": [0, 135, 0],
			"translation": [0, -3, 0],
			"scale": [0.4, 0.4, 0.4]
		},
		"ground": {
			"translation": [0, 3, 0],
			"scale": [0.25, 0.25, 0.25]
		},
		"gui": {
			"rotation": [30, -135, 0],
			"translation": [0, -3.25, 0],
			"scale": [0.46, 0.46, 0.46]
		},
		"fixed": {
			"translation": [0, -4, 0],
			"scale": [0.5, 0.5, 0.5]
		}
	}
}