{
	"credit": "Made with Blockbench",
	"ambientocclusion": false,
	"textures": {
		"0": "block/dark_oak_door_top",
		"1": "block/dark_oak_door_side",
		"2": "block/dark_oak_door_bottom",
		"particle": "block/dark_oak_door_bottom"
	},
	"elements": [
		{
			"from": [0, 16, 6.5],
			"to": [16, 32, 9.5],
			"rotation": {"angle": 0, "axis": "y", "origin": [8, 24, 14.5]},
			"faces": {
				"north": {"uv": [0, 0, 16, 16], "texture": "#0"},
				"east": {"uv": [3, 0, 0, 16], "texture": "#1"},
				"south": {"uv": [16, 0, 0, 16], "texture": "#0"},
				"west": {"uv": [13, 0, 16, 16], "texture": "#1"},
				"up": {"uv": [0, 12, 16, 15], "rotation": 180, "texture": "#1"}
			}
		},
		{
			"from": [2, 16, 6],
			"to": [5, 17, 10],
			"rotation": {"angle": 0, "axis": "y", "origin": [8, 24, 14.5]},
			"faces": {
				"north": {"uv": [11, 15, 14, 16], "texture": "#0"},
				"east": {"uv": [11, 15, 12, 16], "texture": "#0"},
				"south": {"uv": [11, 15, 14, 16], "rotation": 180, "texture": "#0"},
				"west": {"uv": [13, 15, 14, 16], "texture": "#0"},
				"up": {"uv": [11, 15, 14, 16], "rotation": 180, "texture": "#0"},
				"down": {"uv": [11, 15, 14, 16], "rotation": 180, "texture": "#0"}
			}
		},
		{
			"from": [0, 0, 6.5],
			"to": [16, 16, 9.5],
			"rotation": {"angle": 0, "axis": "y", "origin": [8, 24, 14.5]},
			"faces": {
				"north": {"uv": [0, 0, 16, 16], "texture": "#2"},
				"east": {"uv": [6, 0, 3, 16], "texture": "#1"},
				"south": {"uv": [16, 0, 0, 16], "texture": "#2"},
				"west": {"uv": [13, 0, 16, 16], "texture": "#1"},
				"down": {"uv": [13, 0, 16, 16], "rotation": 90, "texture": "#1"}
			}
		},
		{
			"from": [4, 15, 6],
			"to": [5, 16, 10],
			"rotation": {"angle": 0, "axis": "y", "origin": [8, 24, 14.5]},
			"faces": {
				"north": {"uv": [11, 0, 12, 1], "texture": "#2"},
				"east": {"uv": [11, 0, 12, 1], "texture": "#2"},
				"south": {"uv": [11, 0, 12, 1], "texture": "#2"},
				"west": {"uv": [11, 0, 12, 1], "texture": "#2"},
				"up": {"uv": [11, 0, 12, 1], "rotation": 90, "texture": "#2"},
				"down": {"uv": [11, 0, 12, 1], "rotation": 270, "texture": "#2"}
			}
		}
	],
	"display": {
		"thirdperson_righthand": {
			"rotation": [75, 90, 0],
			"translation": [0, 2.5, 0],
			"scale": [0.375, 0.375, 0.375]
		},
		"thirdperson_lefthand": {
			"rotation": [75, 90, 0],
			"translation": [0, 2.5, 0],
			"scale": [0.375, 0.375, 0.375]
		},
		"firstperson_righthand": {
			"rotation": [0, 135, 0],
			"translation": [0, -3, 0],
			"scale": [0.4, 0.4, 0.4]
		},
		"firstperson_lefthand": {
			"rotation": [0, 135, 0],
			"translation": [0, -3, 0],
			"scale": [0.4, 0.4, 0.4]
		},
		"ground": {
			"translation": [0, 3, 0],
			"scale": [0.25, 0.25, 0.25]
		},
		"gui": {
			"rotation": [30, -135, 0],
			"translation": [0, -3.25, 0],
			"scale": [0.46, 0.46, 0.46]
		},
		"fixed": {
			"translation": [0, -4, 0],
			"scale": [0.5, 0.5, 0.5]
		}
	}
}