{
	"credit": "Made with Blockbench",
	"ambientocclusion": false,
	"textures": {
		"0": "block/jungle_door_top",
		"1": "block/jungle_door_side",
		"2": "block/jungle_door_bottom",
		"particle": "block/jungle_door_bottom"
	},
	"elements": [
		{
			"from": [0, 0, 6.5],
			"to": [16, 16, 9.5],
			"rotation": {"angle": 0, "axis": "y", "origin": [8, 8, 14.5]},
			"faces": {
				"north": {"uv": [0, 0, 16, 16], "texture": "#2", "cullface": "west"},
				"east": {"uv": [6, 0, 3, 16], "texture": "#1", "cullface": "north"},
				"south": {"uv": [16, 0, 0, 16], "texture": "#2"},
				"west": {"uv": [13, 0, 16, 16], "texture": "#1", "cullface": "south"},
				"down": {"uv": [13, 0, 16, 16], "rotation": 90, "texture": "#1"}
			}
		},
		{
			"from": [12, 16, 6.5],
			"to": [16, 32, 9.5],
			"rotation": {"angle": 0, "axis": "y", "origin": [8, 8, 14.5]},
			"faces": {
				"north": {"uv": [0, 0, 4, 16], "texture": "#0"},
				"east": {"uv": [3, 0, 0, 16], "texture": "#1"},
				"south": {"uv": [4, 0, 0, 16], "texture": "#0"},
				"west": {"uv": [10, 0, 13, 16], "texture": "#1"},
				"up": {"uv": [13, 0, 16, 4], "rotation": 90, "texture": "#1"}
			}
		},
		{
			"from": [0, 16, 6.5],
			"to": [4, 32, 9.5],
			"rotation": {"angle": 0, "axis": "y", "origin": [8, 8, 14.5]},
			"faces": {
				"north": {"uv": [12, 0, 16, 16], "texture": "#0"},
				"east": {"uv": [13, 0, 10, 16], "texture": "#1"},
				"south": {"uv": [16, 0, 12, 16], "texture": "#0"},
				"west": {"uv": [13, 0, 16, 16], "texture": "#1"},
				"up": {"uv": [13, 12, 16, 16], "rotation": 90, "texture": "#1"}
			}
		},
		{
			"from": [4, 29, 6.5],
			"to": [12, 32, 9.5],
			"rotation": {"angle": 0, "axis": "y", "origin": [8, 8, 14.5]},
			"faces": {
				"north": {"uv": [4, 0, 12, 3], "texture": "#0"},
				"south": {"uv": [4, 0, 12, 3], "texture": "#0"},
				"up": {"uv": [13, 4, 16, 12], "rotation": 90, "texture": "#1"},
				"down": {"uv": [9, 0, 12, 8], "rotation": 90, "texture": "#1"}
			}
		},
		{
			"from": [9, 28, 6.5],
			"to": [12, 29, 9.5],
			"rotation": {"angle": 0, "axis": "y", "origin": [8, 8, 14.5]},
			"faces": {
				"north": {"uv": [4, 3, 7, 4], "texture": "#0"},
				"south": {"uv": [4, 3, 7, 4], "rotation": 180, "texture": "#0"},
				"west": {"uv": [5, 3, 8, 4], "texture": "#1"},
				"down": {"uv": [8, 3, 11, 6], "rotation": 90, "texture": "#1"}
			}
		},
		{
			"from": [11, 27, 6.5],
			"to": [12, 28, 9.5],
			"rotation": {"angle": 0, "axis": "y", "origin": [8, 8, 14.5]},
			"faces": {
				"north": {"uv": [4, 4, 5, 5], "texture": "#0"},
				"south": {"uv": [4, 4, 5, 5], "texture": "#0"},
				"west": {"uv": [7, 4, 10, 5], "texture": "#1"},
				"down": {"uv": [6, 5, 9, 6], "rotation": 90, "texture": "#1"}
			}
		},
		{
			"from": [9, 24, 6.5],
			"to": [10, 28, 9.5],
			"rotation": {"angle": 0, "axis": "y", "origin": [8, 8, 14.5]},
			"faces": {
				"north": {"uv": [6, 4, 7, 8], "texture": "#0"},
				"east": {"uv": [7, 2, 10, 6], "texture": "#1"},
				"south": {"uv": [6, 4, 7, 8], "texture": "#0"},
				"west": {"uv": [7, 4, 10, 8], "texture": "#1"}
			}
		},
		{
			"from": [6, 24, 6.5],
			"to": [7, 28, 9.5],
			"rotation": {"angle": 0, "axis": "y", "origin": [8, 8, 14.5]},
			"faces": {
				"north": {"uv": [9, 4, 10, 8], "texture": "#0"},
				"east": {"uv": [7, 2, 10, 6], "texture": "#1"},
				"south": {"uv": [9, 4, 10, 8], "texture": "#0"},
				"west": {"uv": [7, 4, 10, 8], "texture": "#1"}
			}
		},
		{
			"from": [4, 28, 6.5],
			"to": [7, 29, 9.5],
			"rotation": {"angle": 0, "axis": "y", "origin": [8, 8, 14.5]},
			"faces": {
				"north": {"uv": [9, 3, 12, 4], "texture": "#0"},
				"east": {"uv": [0, 0, 3, 1], "texture": "#1"},
				"south": {"uv": [9, 3, 12, 4], "rotation": 180, "texture": "#0"},
				"down": {"uv": [9, 5, 12, 8], "rotation": 90, "texture": "#1"}
			}
		},
		{
			"from": [4, 27, 6.5],
			"to": [5, 28, 9.5],
			"rotation": {"angle": 0, "axis": "y", "origin": [8, 8, 14.5]},
			"faces": {
				"north": {"uv": [11, 4, 12, 5], "texture": "#0"},
				"east": {"uv": [9, 7, 12, 8], "texture": "#1"},
				"south": {"uv": [11, 4, 12, 5], "texture": "#0"},
				"down": {"uv": [6, 3, 9, 4], "rotation": 90, "texture": "#1"}
			}
		},
		{
			"from": [4, 16, 6.5],
			"to": [12, 20, 9.5],
			"rotation": {"angle": 0, "axis": "y", "origin": [8, 8, 14.5]},
			"faces": {
				"north": {"uv": [4, 12, 12, 16], "texture": "#0"},
				"south": {"uv": [12, 12, 4, 16], "texture": "#0"},
				"up": {"uv": [10, 4, 13, 12], "rotation": 90, "texture": "#1"}
			}
		},
		{
			"from": [4, 22, 6.5],
			"to": [12, 24, 9.5],
			"rotation": {"angle": 0, "axis": "y", "origin": [8, 8, 14.5]},
			"faces": {
				"north": {"uv": [4, 8, 12, 10], "texture": "#0"},
				"south": {"uv": [4, 8, 12, 10], "texture": "#0"},
				"up": {"uv": [10, 4, 13, 12], "rotation": 90, "texture": "#1"},
				"down": {"uv": [7, 7, 10, 15], "rotation": 90, "texture": "#1"}
			}
		},
		{
			"from": [10, 20, 6.5],
			"to": [12, 22, 9.5],
			"rotation": {"angle": 0, "axis": "y", "origin": [8, 8, 14.5]},
			"faces": {
				"north": {"uv": [4, 10, 6, 12], "texture": "#0"},
				"south": {"uv": [4, 10, 6, 12], "texture": "#0"},
				"west": {"uv": [2, 12, 5, 14], "texture": "#1"}
			}
		},
		{
			"from": [4, 20, 6.5],
			"to": [6, 22, 9.5],
			"rotation": {"angle": 0, "axis": "y", "origin": [8, 8, 14.5]},
			"faces": {
				"north": {"uv": [10, 10, 12, 12], "texture": "#0"},
				"east": {"uv": [8, 10, 11, 12], "texture": "#1"},
				"south": {"uv": [12, 10, 10, 12], "texture": "#0"}
			}
		},
		{
			"from": [6, 20, 6.5],
			"to": [7, 21, 9.5],
			"rotation": {"angle": 0, "axis": "y", "origin": [8, 8, 14.5]},
			"faces": {
				"north": {"uv": [9, 11, 10, 12], "texture": "#0"},
				"east": {"uv": [8, 10, 11, 12], "texture": "#1"},
				"south": {"uv": [10, 11, 9, 12], "texture": "#0"},
				"up": {"uv": [6, 6, 9, 7], "rotation": 90, "texture": "#1"}
			}
		},
		{
			"from": [9, 20, 6.5],
			"to": [10, 21, 9.5],
			"rotation": {"angle": 0, "axis": "y", "origin": [8, 8, 14.5]},
			"faces": {
				"north": {"uv": [9, 11, 10, 12], "texture": "#0"},
				"south": {"uv": [6, 11, 7, 12], "texture": "#0"},
				"west": {"uv": [6, 5, 9, 6], "texture": "#1"},
				"up": {"uv": [6, 6, 9, 7], "rotation": 90, "texture": "#1"}
			}
		},
		{
			"from": [4, 16, 6],
			"to": [5, 18, 10],
			"rotation": {"angle": 0, "axis": "y", "origin": [8, 8, 14.5]},
			"faces": {
				"north": {"uv": [11, 14, 12, 16], "texture": "#0"},
				"east": {"uv": [11, 14, 12, 16], "texture": "#0"},
				"south": {"uv": [11, 14, 12, 16], "texture": "#0"},
				"west": {"uv": [11, 14, 12, 16], "texture": "#0"},
				"up": {"uv": [11, 14, 12, 15], "rotation": 90, "texture": "#0"},
				"down": {"uv": [11, 15, 12, 16], "rotation": 270, "texture": "#0"}
			}
		},
		{
			"from": [2, 17, 6],
			"to": [4, 18, 10],
			"rotation": {"angle": 0, "axis": "y", "origin": [8, 8, 14.5]},
			"faces": {
				"north": {"uv": [12, 14, 14, 15], "texture": "#0"},
				"south": {"uv": [12, 14, 14, 15], "rotation": 180, "texture": "#0"},
				"west": {"uv": [12, 14, 14, 15], "texture": "#0"},
				"up": {"uv": [12, 14, 14, 15], "rotation": 180, "texture": "#0"},
				"down": {"uv": [12, 14, 14, 15], "rotation": 270, "texture": "#0"}
			}
		}
	],
	"display": {
		"thirdperson_righthand": {
			"rotation": [75, 90, 0],
			"translation": [0, 2.5, 0],
			"scale": [0.375, 0.375, 0.375]
		},
		"thirdperson_lefthand": {
			"rotation": [75, 90, 0],
			"translation": [0, 2.5, 0],
			"scale": [0.375, 0.375, 0.375]
		},
		"firstperson_righthand": {
			"rotation": [0, 135, 0],
			"translation": [0, -3, 0],
			"scale": [0.4, 0.4, 0.4]
		},
		"firstperson_lefthand": {
			"rotation": [0, 135, 0],
			"translation": [0, -3, 0],
			"scale": [0.4, 0.4, 0.4]
		},
		"ground": {
			"translation": [0, 3, 0],
			"scale": [0.25, 0.25, 0.25]
		},
		"gui": {
			"rotation": [30, -135, 0],
			"translation": [0, -3.25, 0],
			"scale": [0.46, 0.46, 0.46]
		},
		"fixed": {
			"translation": [0, -4, 0],
			"scale": [0.5, 0.5, 0.5]
		}
	}
}